序号,代码,名称,涨跌幅,最新价,涨停价,成交额,流通市值,总市值,换手率,涨速,是否新高,量比,涨停统计,入选理由,所属行业
1,920169,七丰精工,30.000001907348633,46.15,46.15,884377280,2344567818.45,3728924153.5,41.095252990722656,0.0,是,2.3341081142425537,1/1,60日新高,通用设备
2,920227,美登科技,29.994386672973633,115.76,115.76,626794928,2036473072.0,4507868040.0,32.66335678100586,0.0,是,1.844037413597107,1/1,60日新高,互联网服
3,920021,流金科技,29.980844497680664,13.57,13.57,1558165152,3159674543.38,4193129782.88,54.367286682128906,0.0,是,2.373563289642334,3/2,60日新高且近期多次涨停,文化传媒
4,300427,红相股份,20.03046417236328,15.76,15.76,3497129808,7927357034.88,8014279991.04,46.40566635131836,0.0,是,1.7965342998504639,1/1,60日新高,电网设备
5,300773,拉卡拉,20.014963150024414,32.08,32.08,6264888832,23564615892.16,24915411403.52,27.636831283569336,0.0,是,2.226475477218628,1/1,60日新高,软件开发
6,300758,七彩化学,20.014244079589844,16.85,16.85,832340928,6172171091.750001,6841750275.200001,14.307772636413574,0.0,是,3.0285146236419678,1/1,60日新高,化学制品
7,688292,浩瀚深度,20.01289176940918,37.24,37.24,852734000,3754948227.52,5896908120.320001,24.26425552368164,0.0,是,2.4619436264038086,1/1,60日新高,互联网服
8,301321,翰博高新,20.010421752929688,23.03,23.03,372202992,3398447306.03,4293598050.0,11.522923469543457,0.0,是,2.1498024463653564,1/1,60日新高,光学光电
9,300792,壹网壹创,20.009737014770508,49.3,49.3,2416407312,10477910078.9,11681276589.0,24.850954055786133,0.0,否,1.8575851917266846,3/2,近期多次涨停,互联网服
10,300520,科大国创,20.009105682373047,52.72,52.72,5331952128,14656604587.76,15395875585.279999,38.37975311279297,0.0,是,1.8471931219100952,3/2,60日新高且近期多次涨停,软件开发
11,301378,通达海,20.004396438598633,54.59,54.59,806344304,2506474247.29,5273394000.0,34.39146423339844,0.0,是,2.4855480194091797,3/2,60日新高且近期多次涨停,软件开发
12,301159,三维天地,20.003883361816406,61.79,61.79,1145903488,3275795305.25,4779456500.0,36.78753662109375,0.0,是,2.359671115875244,3/2,60日新高且近期多次涨停,软件开发
13,301043,绿岛风,20.0,76.74,76.74,384789728,4354822335.0,5218320000.0,9.048105239868164,0.0,是,1.8963390588760376,1/1,60日新高,专用设备
14,301117,佳缘科技,20.0,84.48,84.48,2592487344,6711926453.76,10912165017.6,40.991519927978516,0.0,是,1.4056321382522583,1/1,60日新高,软件开发
15,301396,宏景科技,20.0,87.06,87.06,2594171616,6623618302.440001,13365237641.82,41.64231491088867,0.0,是,2.3916068077087402,1/1,60日新高,互联网服
16,301408,华人健康,20.0,29.76,29.76,2206567632,4439337977.280001,11904297600.0,54.39481735229492,0.0,是,1.4834132194519043,1/1,60日新高,医药商业
17,688365,光云科技,20.0,34.2,34.2,917526496,14563204192.800001,14563204329.6,6.498756408691406,0.0,是,0.6565115451812744,3/2,60日新高且近期多次涨停,互联网服
18,688479,友车科技,20.0,25.02,25.02,307171344,1559181348.0,3610821348.0,20.60727882385254,0.0,是,7.29622220993042,1/1,60日新高,软件开发
19,300785,值得买,19.99713897705078,83.89,83.89,3550796176,10262623168.65,16681966335.27,35.70804977416992,0.0,是,1.2296433448791504,3/2,60日新高且近期多次涨停,互联网服
20,301275,汉朔科技,19.99665069580078,71.65,71.65,826338544,2421196800.0,30264960000.000004,36.3663215637207,0.0,是,2.4535133838653564,1/1,60日新高,通信设备
21,688080,映翰通,19.99652862548828,69.13,69.13,761037712,5091848405.16,5091848405.16,15.634613990783691,0.0,是,2.447720527648926,1/1,60日新高,通信设备
22,301333,诺思格,19.24686050415039,91.2,91.78,1100724720,5213925340.8,8808210547.2,22.616458892822266,0.0,是,4.229775905609131,2/1,60日新高,医疗服务
23,300047,天源迪科,18.607954025268555,16.7,16.9,2785873040,9128917074.699999,10650336022.4,32.3511962890625,0.0,是,3.742398738861084,0/0,60日新高,软件开发
24,300578,会畅科技,17.020511627197266,32.52,33.35,1827466288,6445988059.8,6447731944.8,30.210453033447266,0.0,是,1.5438637733459473,0/0,60日新高,通信服务
25,300964,本川智能,16.869565963745117,67.2,69.0,874622880,3758619244.8,5194444684.8,24.620149612426758,0.0,是,2.1116442680358887,0/0,60日新高,电子元件
26,688488,艾迪药业,16.715715408325195,19.83,20.39,462338240,8344123082.639999,8344123241.28,5.761429309844971,0.0,是,2.6782989501953125,0/0,60日新高,生物制品
27,688085,三友医疗,16.631797790527344,22.3,22.94,396549792,6997376621.5,7436213660.8,6.047952175140381,0.0,是,4.478125095367432,0/0,60日新高,医疗器械
28,301171,易点天下,16.154834747314453,81.32,84.01,11588733184,30973889495.319996,38373761713.28,38.96689987182617,0.0,是,1.3889045715332031,4/2,60日新高且近期多次涨停,互联网服
29,301230,泓博医药,16.101696014404297,65.76,67.97,2355982416,8260496980.8,9179215144.800001,31.328744888305664,0.0,是,2.3654613494873047,4/2,60日新高且近期多次涨停,生物制品
30,300816,艾可蓝,16.04347801208496,80.07,82.8,1481110896,4537452479.969999,6405599999.999999,32.89250564575195,0.0,是,4.113908767700195,0/0,60日新高,汽车零部
31,688419,耐科装备,15.896980285644531,39.15,40.54,422580320,2329798608.45,4484697841.349999,18.39238929748535,0.0,是,1.6264365911483765,0/0,60日新高,专用设备
32,300229,拓尔思,15.22387981414795,30.88,32.16,7264574464,26959173595.04,26977414256.64,29.199710845947266,0.0,是,2.1882998943328857,0/0,60日新高,软件开发
33,300622,博士眼镜,14.933662414550781,37.25,38.89,2458600480,5802529461.75,8487567460.0,42.664207458496094,0.0,是,3.8641700744628906,0/0,60日新高,商业百货
34,301257,普蕊斯,14.700996398925781,82.86,86.69,870004416,6240924799.74,6546335242.2,14.521172523498535,0.0,是,5.29664421081543,2/1,60日新高,医疗服务
35,920088,科力股份,14.55713176727295,42.81,48.58,510096672,1360557367.38,3770340915.0,39.363033294677734,-0.02335357293486595,是,1.6526731252670288,0/0,60日新高,采掘行业
36,300226,上海钢联,14.556296348571777,32.66,34.21,2051789040,10005575986.24,10409441707.839998,21.327102661132812,0.0,是,3.0573511123657227,0/0,60日新高,互联网服
37,688603,天承科技,14.283965110778809,93.37,98.04,635289696,4427755445.59,11645528805.880001,15.236573219299316,0.0,是,1.556002140045166,0/0,60日新高,电子化学
38,688356,键凯科技,14.246713638305664,112.99,118.68,652059616,6852922593.0,6852922593.0,9.509836196899414,0.0,是,2.069019079208374,0/0,60日新高,化学制药
39,688568,中科星图,13.922849655151367,95.98,101.1,6487500544,77559413973.76001,77559413973.76001,8.801262855529785,0.0,是,1.4429277181625366,0/0,60日新高,互联网服
40,920790,联迪信息,13.48088550567627,45.12,51.68,424634752,2452224984.96,3562991942.3999996,17.471744537353516,-0.02215820923447609,是,2.8872873783111572,0/0,60日新高,软件开发
41,300634,彩讯股份,13.442726135253906,35.95,38.03,3223309120,15622917325.000002,16221031711.2,21.59398651123047,0.0,是,1.9378725290298462,0/0,60日新高,互联网服
42,688277,天智航-U,13.254652976989746,24.95,26.44,1446717312,11377001248.3,11377001198.4,13.287924766540527,0.0,是,2.595031499862671,0/0,60日新高,医疗器械
43,688368,晶丰明源,13.179572105407715,137.4,145.68,618411248,12158592089.4,12158592089.4,5.329687595367432,0.0,是,1.9678970575332642,0/0,60日新高,半导体
44,920394,民士达,13.165155410766602,57.42,65.96,459144336,8335822865.04,8397675000.0,5.905833721160889,-0.1217603087425232,是,1.7555509805679321,0/0,60日新高,造纸印刷
45,688719,爱科赛博,12.810405731201172,57.24,60.89,616709472,5135704337.52,6604661326.320001,12.443695068359375,0.0,是,1.51578950881958,0/0,60日新高,电源设备
46,301198,喜悦智行,12.773722648620605,15.45,16.44,294478608,2403314862.0,2611050000.0,12.62930965423584,0.0,是,3.7142558097839355,0/0,60日新高,塑料制品
47,300442,润泽科技,12.59930419921875,90.71,96.67,10986925312,147709806537.81,148251305053.28,7.809754848480225,0.0,是,1.261514663696289,0/0,60日新高,互联网服
48,300164,通源石油,12.534819602966309,8.08,8.62,1924777264,4712343086.24,4754745681.92,43.07941818237305,0.0,是,1.4818872213363647,0/0,60日新高,采掘行业
49,688631,莱斯信息,12.431827545166016,80.4,85.81,654047744,5215548000.0,13142988000.0,12.948371887207031,0.0,是,1.9429385662078857,0/0,60日新高,软件开发
50,920190,雷神科技,12.0954008102417,32.9,38.15,500973456,3271676377.9,3290000032.9,15.369277000427246,-0.21231423318386078,是,2.5305280685424805,0/0,60日新高,消费电子
51,300212,易华录,11.95757007598877,23.22,24.89,2123850480,16219442231.279999,16715901899.519999,13.448447227478027,0.0,是,2.605959892272949,0/0,60日新高,互联网服
52,688679,通源环境,11.94444465637207,40.3,43.2,481488608,5307093902.5,5307093902.5,9.759675979614258,0.0,是,1.684920310974121,0/0,60日新高,环保行业
53,300987,川网传媒,11.924686431884766,26.75,28.68,1231056272,4637594000.0,4637594000.0,28.362335205078125,0.0,是,2.6068947315216064,0/0,60日新高,文化传媒
54,300842,帝科股份,11.812005996704102,80.65,86.56,2595897472,10455662786.0,11716811272.95,25.603057861328125,0.0,是,3.025848150253296,2/1,60日新高,光伏设备
55,688630,芯碁微装,11.632181167602539,164.01,176.3,1627126608,21606794831.16,21606794831.16,7.846583843231201,0.0,是,1.851990818977356,0/0,60日新高,专用设备
56,300063,天龙集团,11.58770751953125,17.43,18.74,6498942976,10920843941.49,13221128259.36,61.30250549316406,0.0,是,2.0174436569213867,4/3,60日新高且近期多次涨停,文化传媒
57,301468,博盈特焊,11.438596725463867,63.52,68.4,1194408000,4764165533.12,8264833467.04,25.574586868286133,0.0,是,1.7035311460494995,0/0,60日新高,专用设备
58,688592,司南导航,11.322708129882812,53.78,57.97,444036848,2071700951.94,4327171820.92,22.23307228088379,0.0,是,1.249599575996399,0/0,60日新高,计算机设
59,688787,海天瑞声,11.295599937438965,183.66,198.02,1977435600,11079322558.8,11079322558.8,18.067615509033203,0.0,是,1.8890628814697266,0/0,60日新高,互联网服
60,688265,南模生物,11.245954513549805,55.0,59.33,258204334,4287993215.0,4287993215.0,6.24812126159668,0.0,是,2.431816816329956,0/0,60日新高,生物制品
61,301093,华兰股份,11.128851890563965,69.6,75.16,1126988256,10922605773.599998,11428433030.4,10.788986206054688,0.0,是,2.1897213459014893,0/0,60日新高,医疗器械
62,688031,星环科技-U,11.03633975982666,214.5,231.82,2926238896,20157110688.0,25983653982.0,14.64543628692627,0.0,是,0.9729433655738831,0/0,60日新高,软件开发
63,300210,森远股份,10.57312297821045,11.19,12.14,715549648,5413229058.12,5418421262.88,13.537867546081543,0.0,是,2.9011518955230713,0/0,60日新高,环保行业
64,300248,新开普,10.570236206054688,15.9,17.26,1251591392,6504898433.1,7573939560.0,19.87723159790039,0.0,是,2.241976499557495,0/0,60日新高,互联网服
65,688047,龙芯中科,10.485502243041992,163.85,177.96,3203465472,65703850000.0,65703850000.0,4.906400680541992,0.0,是,2.487184524536133,0/0,60日新高,半导体
66,301017,漱玉平民,10.396294593811035,21.45,23.32,1155225840,5220087272.4,8694987444.0,24.5429630279541,0.0,是,1.6762839555740356,0/0,60日新高,医药商业
67,301377,鼎泰高科,10.293916702270508,161.36,175.56,1423426704,11460432640.000002,66157600000.00001,12.707929611206055,0.0,是,1.1288164854049683,0/0,60日新高,通用设备
68,002004,华邦健康,10.1010103225708,5.45,5.45,917301440,10254825888.050001,10790559552.800001,9.160895347595215,0.0,是,5.631828308105469,1/1,60日新高,化学制药
69,000981,山子高科,10.097086906433105,5.67,5.67,12848478720,53940729047.31,56685660433.92,24.13983726501465,0.0,是,1.2443300485610962,3/2,60日新高且近期多次涨停,汽车零部
70,601216,君正集团,10.097086906433105,5.67,5.67,3316634608,47843558601.3,47843557977.6,7.043152332305908,0.0,是,3.6430535316467285,1/1,60日新高,化学原料
71,000875,吉电股份,10.081300735473633,6.77,6.77,1973908624,22628080949.59,24556622124.48,8.785848617553711,0.0,是,3.680572986602783,1/1,60日新高,电力行业
72,002427,尤夫股份,10.060060501098633,7.33,7.33,248844606,7217891212.38,7223222306.72,3.496206283569336,0.0,是,1.3959264755249023,1/1,60日新高,化纤行业
73,300597,吉大通信,10.059171676635742,11.16,12.17,614612480,3028514176.08,3041881557.12,20.49749183654785,0.0,是,3.810469150543213,0/0,60日新高,通信服务
74,000078,海王生物,10.049019813537598,4.49,4.49,3014638400,11792720709.62,11813743455.36,26.927356719970703,0.0,否,3.6119325160980225,2/2,近期多次涨停,医药商业
75,002429,兆驰股份,10.045661926269531,9.64,9.64,3549847136,43614570293.520004,43639708078.08,8.198195457458496,0.0,是,2.1243503093719482,1/1,60日新高,家电行业
76,605136,丽人丽妆,10.041494369506836,13.26,13.26,360103568,5310079710.0,5310079656.96,6.944033145904541,0.0,是,0.9094111919403076,1/1,60日新高,商业百货
77,002400,省广集团,10.039840698242188,13.81,13.81,5583219456,23838333374.58,24075485848.16,24.50847625732422,0.0,是,1.3217629194259644,4/4,60日新高且近期多次涨停,文化传媒
78,600986,浙文互联,10.035523414611816,12.39,12.39,2505153552,18428564628.18,18428564652.96,13.74895191192627,0.0,是,1.2313791513442993,4/3,60日新高且近期多次涨停,文化传媒
79,600662,外服控股,10.035211563110352,6.25,6.25,458587424,14227944450.0,14271608600.0,3.333970069885254,0.0,是,4.135687351226807,2/2,60日新高且近期多次涨停,专业服务
80,002969,嘉美包装,10.02849006652832,19.31,19.31,1104018992,19290706259.02,19409110351.52,5.788278579711914,0.0,是,0.4300425350666046,19/14,60日新高且近期多次涨停,包装材料
81,600076,康欣新材,10.027100563049316,4.06,4.06,174900491,5458846070.0199995,5458846041.599999,3.260971784591675,0.0,是,0.8656050562858582,1/1,60日新高,装修建材
82,603918,金桥信息,10.024813652038574,22.17,22.17,2055820784,8094433851.420001,8100958438.080001,25.78200912475586,0.0,是,1.8854994773864746,1/1,60日新高,互联网服
83,600556,天下秀,10.023585319519043,9.33,9.33,4202613552,16866285499.86,16866285555.84,25.602636337280273,0.0,否,1.5228180885314941,8/4,近期多次涨停,文化传媒
84,603687,大胜达,10.019268035888672,11.42,11.42,428749136,6281363886.88,6281363978.24,7.139254570007324,0.0,是,1.485588788986206,1/1,60日新高,包装材料
85,002879,长缆科技,10.015897750854492,20.76,20.76,300786144,2862471943.8,4008914606.4,10.507919311523438,0.0,是,1.2771714925765991,1/1,60日新高,电网设备
86,002194,武汉凡谷,10.014513969421387,15.16,15.16,2232406560,7745149629.0,10358612849.28,29.4583797454834,0.0,是,2.881848096847534,1/1,60日新高,通信设备
87,002574,明牌珠宝,10.01430606842041,7.69,7.69,653356608,4060320000.0,4060320000.0,17.097686767578125,0.0,是,3.9757843017578125,3/3,60日新高且近期多次涨停,珠宝首饰
88,605287,德才股份,10.0130033493042,33.84,33.84,284512160,4737600000.000001,4737600000.000001,6.228392124176025,0.0,是,1.5056300163269043,1/1,60日新高,装修装饰
89,600588,用友网络,10.011573791503906,19.01,19.01,6447853824,64957120745.090004,64957120726.08,10.162263870239258,0.0,是,2.1314585208892822,3/2,60日新高且近期多次涨停,软件开发
90,002112,三变科技,10.011442184448242,19.23,19.23,235220418,5039789746.5,5656144514.400001,4.667266368865967,0.0,是,0.18172317743301392,6/3,60日新高且近期多次涨停,电网设备
91,601116,三江购物,10.010537147521973,20.88,20.88,129016747,11435524992.0,11435524992.0,1.1282100677490234,0.0,是,0.15699678659439087,3/3,60日新高且近期多次涨停,商业百货
92,605222,起帆电缆,10.01026725769043,21.43,21.43,561365280,8848476337.67,8848476487.68,6.447632789611816,0.0,是,2.7650256156921387,1/1,60日新高,电网设备
93,600589,大位科技,10.010110855102539,10.88,10.88,4044430384,16085752403.2,16153208381.44,26.24180793762207,0.0,否,0.9186064004898071,4/2,近期多次涨停,互联网服
94,600410,华胜天成,10.009910583496094,22.2,22.2,7313344768,24342181962.6,24342182073.6,31.182086944580078,0.0,否,1.3010051250457764,4/2,近期多次涨停,互联网服
95,600198,大唐电信,10.009624481201172,11.43,11.43,904142768,14881286259.72,14900188416.48,6.146960258483887,0.0,是,0.6911764144897461,1/1,60日新高,通信设备
96,002195,岩山科技,10.008339881896973,13.19,13.19,25019458048,73880641981.28,74794615490.56,34.4720344543457,0.07587253302335739,是,1.383522391319275,8/5,60日新高且近期多次涨停,互联网服
97,603000,人民网,10.00784969329834,28.03,28.03,2987301184,30992520299.68,30992520299.68,9.921249389648438,0.0,是,3.964977741241455,3/3,60日新高且近期多次涨停,文化传媒
98,605118,力鼎光电,10.006082534790039,36.17,36.17,358888112,14725385720.0,14854440280.0,2.457758665084839,0.0,是,3.302382707595825,1/1,60日新高,光学光电
99,001255,博菲电气,10.00482177734375,45.63,45.63,414497248,3242285280.0,3944721895.92,12.96912670135498,0.0,是,1.6860593557357788,7/4,60日新高且近期多次涨停,化学原料
100,603929,亚翔集成,10.003170013427734,138.78,138.78,611966256,29610100800.0,29610100800.0,2.1093859672546387,0.0,是,0.5298408269882202,1/1,60日新高,装修装饰
101,002290,禾盛新材,10.001858711242676,59.17,59.17,695358128,14638093222.35,14680806566.1,4.918474197387695,0.0,是,2.017406940460205,1/1,60日新高,家电行业
102,002353,杰瑞股份,10.001307487487793,84.14,84.14,2338264880,58329540904.6,86147230377.6,4.156513214111328,0.0,是,1.8136004209518433,1/1,60日新高,专用设备
103,000591,太阳能,10.0,5.06,5.06,1994337776,19853120855.26,19857679029.76,10.260939598083496,0.0,是,6.877053260803223,1/1,60日新高,电力行业
104,002181,粤 传 媒,10.0,11.55,11.55,2055081136,13103708090.550001,13410221932.800001,16.23056983947754,0.0,否,1.896498680114746,4/3,近期多次涨停,文化传媒
105,002219,新里程,10.0,2.75,2.75,201025767,8998120230.0,9315299840.0,2.234086275100708,0.0,是,0.7458934783935547,2/2,60日新高且近期多次涨停,医疗服务
106,002465,海格通信,10.0,26.62,26.62,17005413888,65961354841.58,66066419802.240005,25.9121036529541,0.0,是,1.3683454990386963,11/6,60日新高且近期多次涨停,通信设备
107,601106,中国一重,10.0,6.6,6.6,5460091136,45261367318.2,45261368064.0,12.509766578674316,0.0,是,2.0827877521514893,6/5,60日新高且近期多次涨停,专用设备
108,603179,新泉股份,10.0,91.96,91.96,832447360,46912648480.28,46912648020.479996,1.782890796661377,0.0,是,0.42184749245643616,4/2,60日新高且近期多次涨停,汽车零部
109,603778,国晟科技,10.0,27.72,27.72,1897288688,17819999976.239998,18202119788.16,10.927038192749023,0.0,是,0.926923930644989,8/5,60日新高且近期多次涨停,光伏设备
110,605255,天普股份,10.0,194.26,194.26,1196719344,26046380800.0,26046380800.0,4.967820167541504,0.0,否,3.4856951236724854,7/4,近期多次涨停,汽车零部
111,002281,光迅科技,9.998573303222656,77.12,77.12,6271063040,60113293926.08,62210834611.200005,10.83138656616211,0.0,是,1.868788480758667,1/1,60日新高,通信设备
112,001400,江顺科技,9.997261047363281,120.48,120.48,593503728,1807200000.0,7228800000.0,33.928165435791016,0.0,否,1.1284140348434448,7/5,近期多次涨停,通用设备
113,603888,新华网,9.996283531188965,29.6,29.6,2256984512,19972249772.8,19972250009.600002,11.68819522857666,0.0,是,2.503776788711548,3/3,60日新高且近期多次涨停,文化传媒
114,002718,友邦吊顶,9.995186805725098,68.56,68.56,511440640,3736923818.4,8874943156.24,14.04233169555664,0.0,是,0.7516322135925293,10/8,60日新高且近期多次涨停,装修建材
115,002115,三维通信,9.994385719299316,19.59,19.59,148909761,14735510471.88,15887320115.52,1.0105503797531128,0.0,是,0.059834931045770645,4/4,60日新高且近期多次涨停,互联网服
116,003007,直真科技,9.99263858795166,59.77,59.77,1481197264,4296724003.72,6085781400.0,35.193939208984375,0.0,是,3.1349267959594727,14/7,60日新高且近期多次涨停,软件开发
117,002609,捷顺科技,9.990917205810547,12.11,12.11,915852784,5563336313.009999,7792044449.28,16.8170166015625,0.0,是,2.7035441398620605,1/1,60日新高,互联网服
118,002707,众信旅游,9.986684799194336,8.26,8.26,957707328,6816211678.5,8117226230.4,14.27323055267334,0.0,是,3.355619430541992,1/1,60日新高,旅游酒店
119,002044,美年健康,9.986504554748535,8.15,8.15,2606516992,31574955160.050003,31901169448.0,8.257296562194824,0.0,是,2.2285356521606445,4/4,60日新高且近期多次涨停,医疗服务
120,603458,勘设股份,9.983221054077148,13.11,13.11,268168445,4013292378.54,4013292352.3199997,6.784502029418945,0.0,是,0.9090054035186768,1/1,60日新高,工程咨询
121,000593,德龙汇能,9.981048583984375,17.41,17.41,1239114384,6241191972.29,6243765849.28,20.331432342529297,0.0,是,2.4084181785583496,3/3,60日新高且近期多次涨停,燃气
122,002519,银河电子,9.980806350708008,11.46,11.46,5020549632,12821281383.060001,12908898068.160002,40.50547790527344,0.0,否,2.811682939529419,8/7,近期多次涨停,通信设备
123,002716,湖南白银,9.977827072143555,9.92,9.92,3804724736,23062553961.6,28005039308.8,16.76235580444336,0.0,是,1.192512035369873,1/1,60日新高,贵金属
124,002446,盛路通信,9.975268363952637,13.34,13.34,3298020896,11309349128.64,12211645811.52,29.58336067199707,0.0,否,1.476889729499817,3/2,近期多次涨停,通信设备
125,600785,新华百货,9.971712112426758,15.55,15.55,208905429,3508566404.0,3508566404.0,6.036266326904297,0.0,是,1.2202978134155273,1/1,60日新高,商业百货
126,002153,石基信息,9.970015525817871,14.67,14.67,252494641,23468535004.68,40037273632.8,1.0758857727050781,0.0,是,0.1988023817539215,1/1,60日新高,软件开发
127,002131,利欧股份,9.966776847839355,9.93,9.93,5945084928,58087757751.06,67243763642.88,10.463186264038086,0.0,是,0.726215124130249,9/6,60日新高且近期多次涨停,互联网服
128,600724,宁波富达,9.966776847839355,6.62,6.62,147266821,9565520435.68,9567495896.64,1.5766150951385498,0.0,是,1.2629897594451904,1/1,60日新高,房地产开
129,002361,神剑股份,9.951457023620605,18.12,18.13,5417050368,14661308470.08,17232753765.120003,37.98908996582031,-0.055157195776700974,是,1.0269808769226074,18/10,60日新高且近期多次涨停,塑料制品
130,000516,国际医学,9.946714401245117,6.19,6.19,2722243968,13648060305.11,13858770894.880001,20.24163818359375,0.0,是,2.541185140609741,8/4,60日新高且近期多次涨停,医疗服务
131,002218,拓日新能,9.935205459594727,5.09,5.09,407286656,7087307087.41,7192274568.96,5.835363388061523,0.0,是,0.4725542664527893,1/1,60日新高,光伏设备
132,688258,卓易信息,9.919570922851562,164.0,179.04,2988499392,19867326868.0,19867326868.0,14.933526039123535,0.0,是,1.7738152742385864,0/0,60日新高,互联网服
133,601992,金隅集团,9.85915470123291,2.34,2.34,1665007392,19501930337.76,24985984757.76,8.586209297180176,0.0,是,4.2624897956848145,3/3,60日新高且近期多次涨停,水泥建材
134,600676,交运股份,9.854015350341797,9.03,9.04,1367042400,9287291284.32,9287291284.32,14.969301223754883,-0.11061947047710419,是,7.879153728485107,4/3,60日新高且近期多次涨停,汽车零部
135,002354,天娱数科,9.819121360778809,8.5,8.51,4655653632,13820415871.5,14063979504.0,34.262245178222656,0.0,是,2.4512875080108643,0/0,60日新高,互联网服
136,688560,明冠新材,9.768786430358887,18.99,20.76,464526848,3822723422.8199997,3822723422.8199997,12.445124626159668,0.0,是,2.059277296066284,0/0,60日新高,光伏设备
137,603215,比依股份,9.173871994018555,22.73,22.9,549027616,4255701077.4,4271865994.23,13.014171600341797,0.22045855224132538,是,3.475625991821289,0/0,60日新高,家电行业
138,301012,扬电科技,9.114015579223633,30.05,33.05,920356544,5918652868.1,5918652868.1,15.578591346740723,0.0,是,3.009925127029419,0/0,60日新高,电网设备
139,002842,翔鹭钨业,9.090909004211426,17.4,17.55,1287382560,4671244176.599999,5692800038.4,27.67104721069336,0.0,是,1.537360429763794,0/0,60日新高,小金属
140,300925,法本信息,8.990200996398926,25.58,28.16,1657381744,8941389570.539999,10966374787.519999,18.854402542114258,0.0,是,2.1767361164093018,0/0,60日新高,软件开发
141,301299,卓创资讯,8.948043823242188,67.94,74.83,675559936,4102255246.4,4102255246.4,16.4292049407959,0.0,是,3.1517813205718994,0/0,60日新高,互联网服
142,300349,金卡智能,8.921161651611328,21.0,23.14,1224513088,7755439881.0,8761479552.0,16.371017456054688,0.0,是,1.689162015914917,0/0,60日新高,仪器仪表
143,601858,中国科传,8.856755256652832,24.09,24.34,1349887760,19043145000.0,19043145000.0,7.1980743408203125,0.0,是,2.688734531402588,0/0,60日新高,文化传媒
144,301231,荣信文化,8.641975402832031,48.4,53.46,865008080,2608723700.0,4084960000.0,33.45484161376953,0.0,是,1.1847643852233887,0/0,60日新高,文化传媒
145,000960,锡业股份,8.6071138381958,40.0,40.51,2737994736,65832078080.0,65832078080.0,4.241943836212158,0.025006253272294998,是,1.120209813117981,0/0,60日新高,小金属
146,603225,新凤鸣,8.531044960021973,21.5,21.79,569058256,32585562174.5,32777946432.0,1.7751020193099976,0.04653327167034149,是,1.8261005878448486,0/0,60日新高,化纤行业
147,301101,明月镜片,8.448753356933594,46.98,51.98,830229344,8969273613.0,9467038458.0,9.145517349243164,0.0,是,2.93074893951416,0/0,60日新高,家用轻工
148,688618,三旺通信,8.4344482421875,36.64,40.55,277529424,4032153150.7200003,4037201483.2000003,6.970694065093994,0.0,是,1.3221101760864258,0/0,60日新高,通信设备
149,001260,坤泰股份,8.356040000915527,23.86,24.22,422169392,757555000.0,2743900000.0,57.90529251098633,0.0,是,6.080086708068848,2/1,60日新高,汽车零部
150,300617,安靠智电,8.283870697021484,41.96,46.5,1097795264,5897869948.36,7022432145.76,18.051517486572266,0.0,是,4.193234443664551,0/0,60日新高,电网设备
151,603309,维力医疗,8.258928298950195,14.55,14.78,434998656,4246729131.9,4246729219.2000003,10.301231384277344,0.0,是,1.9069883823394775,0/0,60日新高,医疗器械
152,600126,杭钢股份,8.11724853515625,9.59,9.76,2772078128,32387243305.97,32387243353.92,8.619494438171387,-0.1041666716337204,是,3.400472402572632,0/0,60日新高,钢铁行业
153,603171,税友股份,8.012194633483887,88.57,90.2,1439792448,35949677300.0,35989977358.56,4.020412445068359,-0.4607776999473572,是,1.6203880310058594,4/2,60日新高且近期多次涨停,互联网服
154,603130,云中马,8.001410484313965,61.28,62.41,257483803,8426870176.0,8426870176.0,3.1302220821380615,-0.032626427710056305,是,1.0538358688354492,0/0,60日新高,纺织服装
155,600498,烽火通信,7.987364292144775,47.86,48.75,16678136576,60859802884.159996,65001895975.68,28.442649841308594,0.0,是,1.7697306871414185,0/0,60日新高,通信设备
156,601900,南方传媒,7.9686479568481445,16.53,16.84,1247722704,14578965653.820002,14578965686.880001,8.699237823486328,0.06053268909454346,是,2.491426706314087,0/0,60日新高,文化传媒
157,688777,中控技术,7.9500555992126465,68.3,75.92,5996925440,53494046481.2,54038244216.0,10.971954345703125,0.0,是,2.06087589263916,0/0,60日新高,软件开发
158,300432,富临精工,7.918673038482666,20.17,22.43,4456376576,34098508287.47,34485864040.8,12.662446975708008,0.0,是,2.54536771774292,0/0,60日新高,汽车零部
159,300444,双杰电气,7.9051384925842285,13.65,15.18,3083573936,8482747441.35,10901232451.2,38.90736770629883,0.0,是,2.3060600757598877,0/0,60日新高,电网设备
160,603285,键邦股份,7.8895463943481445,27.35,27.89,380167552,1703816933.0,4376000000.0,22.271547317504883,-0.10956902801990509,是,4.886132717132568,0/0,60日新高,化学制品
161,002223,鱼跃医疗,7.838479995727539,45.4,46.31,2240687360,42683180645.6,45512452531.2,5.284489631652832,0.06612298637628555,是,2.495835542678833,0/0,60日新高,医疗器械
162,605588,冠石科技,7.799185276031494,58.19,59.38,370599088,4253663454.5899997,4275114616.19,8.895902633666992,0.0,是,1.7722573280334473,0/0,60日新高,半导体
163,688525,佰维存储,7.770719528198242,145.9,162.46,6748398080,68154516489.0,68154516780.8,9.73059368133545,0.0,是,1.8940263986587524,0/0,60日新高,半导体
164,300034,钢研高纳,7.763221740722656,22.21,24.73,1828459536,17027208948.18,17700516425.28,10.842325210571289,0.0,是,1.530187964439392,0/0,60日新高,有色金属
165,301611,珂玛科技,7.760472774505615,120.39,134.06,2132471680,17647089808.32,52490040000.0,12.148415565490723,0.0,是,0.8045228719711304,0/0,60日新高,非金属材
166,000426,兴业银锡,7.741660118103027,50.38,51.44,5013337856,89434851276.32,89456528782.72,5.689298629760742,0.0,是,1.1838065385818481,0/0,60日新高,有色金属
167,603859,能科科技,7.662624359130859,58.59,59.86,2328970208,14336838301.59,14336838301.59,16.31420135498047,0.1538461595773697,是,1.4106004238128662,0/0,60日新高,软件开发
168,300836,佰奥智能,7.659059524536133,62.27,69.41,313822176,3936076549.9900002,5771532934.700001,8.278752326965332,0.0,是,2.8454816341400146,0/0,60日新高,专用设备
169,601212,白银有色,7.633587837219238,7.05,7.21,3445552032,52203660302.549995,52203659520.0,6.707899570465088,0.14204545319080353,是,1.470808982849121,0/0,60日新高,有色金属
170,300078,思创医惠,7.570422649383545,6.11,6.82,2384442208,6802673274.280001,6830199288.64,34.87683868408203,0.0,是,2.9101836681365967,2/1,60日新高,互联网服
171,600633,浙数文化,7.544836521148682,17.39,17.79,3485267440,22051815068.08,22051815207.2,15.974963188171387,0.0,是,3.122464656829834,0/0,60日新高,游戏
172,688246,嘉和美康,7.536764621734619,35.1,39.17,947386720,4829254489.8,4829254489.8,19.147245407104492,0.0,是,1.6764740943908691,0/0,60日新高,医疗服务
173,300499,高澜股份,7.411003112792969,33.19,37.08,1878794832,9007886678.84,10131199706.4,21.388402938842773,0.0,是,1.4231449365615845,0/0,60日新高,专用设备
174,301312,智立方,7.403731346130371,54.11,60.46,407551376,3276510114.15,6557082915.32,12.661826133728027,0.0,是,2.3655319213867188,0/0,60日新高,专用设备
175,920932,科达自控,7.337433815002441,24.43,29.58,353182288,2120845156.78,2573709050.5,16.329879760742188,-0.04091653227806091,是,2.622500419616699,0/0,60日新高,软件开发
176,688663,新风光,7.317072868347168,46.2,51.66,401340080,6531872886.0,6531872886.0,6.1615142822265625,0.0,是,2.6633291244506836,0/0,60日新高,电网设备
177,300363,博腾股份,7.29660701751709,29.41,32.89,1201694160,14671366282.85,15982634396.16,8.338264465332031,0.0,是,2.5683932304382324,0/0,60日新高,化学制药
178,688119,中钢洛耐,7.261146545410156,8.42,9.42,927916992,9472500000.0,9472500000.0,9.465404510498047,0.0,是,1.0897271633148193,0/0,60日新高,非金属材
179,920556,雅达股份,7.2515668869018555,11.98,14.52,269491664,1407635192.72,1932556096.0,19.467466354370117,0.2510460317134857,是,3.0122647285461426,0/0,60日新高,仪器仪表
180,300977,深圳瑞捷,7.234432697296143,23.42,26.21,310033552,2220264783.86,3565149946.34,13.851581573486328,0.0,是,2.691465139389038,0/0,60日新高,工程咨询
181,600825,新华传媒,7.215007305145264,7.43,7.62,727844144,7763516725.5,7763516770.08,9.41763687133789,0.0,是,2.353649377822876,0/0,60日新高,文化传媒
182,603496,恒为科技,7.1826276779174805,38.5,39.51,2712372512,12328055855.5,12328056048.0,22.028587341308594,-0.23322102427482605,是,1.8601502180099487,4/2,60日新高且近期多次涨停,互联网服
183,688327,云从科技-UW,7.147111892700195,17.99,20.15,2211098800,14993604309.599998,18683488018.719997,14.556218147277832,0.0,是,2.017115831375122,0/0,60日新高,软件开发
184,300098,高新兴,7.142857551574707,7.05,7.9,1847024384,10869292570.35,12251365017.6,17.187400817871094,0.0,是,1.8782345056533813,0/0,60日新高,软件开发
185,600226,亨通股份,7.142857551574707,6.0,6.16,1031669392,17846287344.0,17846287392.0,5.885237216949463,0.16694490611553192,是,1.302119255065918,0/0,60日新高,农药兽药
186,002065,东华软件,7.079646110534668,10.89,11.19,4067429392,31667266757.61,34907702987.520004,12.915512084960938,0.09191176295280457,是,3.123459815979004,0/0,60日新高,软件开发
187,002209,达 意 隆,7.07634973526001,17.25,17.72,311345216,2696397921.75,3433251112.5,11.82154369354248,0.0,是,2.7183287143707275,0/0,60日新高,专用设备
188,688518,联赢激光,7.062249660491943,29.41,32.96,645001648,10038371043.95,10038370838.08,6.605244159698486,0.0,是,1.5367910861968994,0/0,60日新高,专用设备
189,688330,宏力达,7.007481098175049,42.91,48.12,291011568,6007399999.999999,6007399999.999999,5.0159430503845215,0.0,是,2.3269636631011963,0/0,60日新高,电网设备
190,600989,宝丰能源,6.962351322174072,20.74,21.33,2376867856,152093886400.0,152093889054.72,1.583575963973999,-0.048192769289016724,是,2.0784661769866943,0/0,60日新高,化学原料
191,688591,泰凌微,6.92771053314209,49.7,55.78,987889456,8371336593.200001,11964953739.2,11.969325065612793,0.0,是,2.079207181930542,0/0,60日新高,半导体
192,600570,恒生电子,6.810580730438232,35.13,36.18,8889744128,66540818762.91,66540818938.560005,13.301238059997559,-0.02845759689807892,是,3.5363576412200928,0/0,60日新高,软件开发
193,001373,翔腾新材,6.79794979095459,39.59,40.78,175236143,1311685269.88,2719313895.92,13.69046401977539,0.0252652857452631,是,1.272402048110962,0/0,60日新高,光学光电
194,688629,华丰科技,6.779164791107178,109.47,123.02,2773685232,19899790155.09,50464885319.04,14.28272533416748,0.0,是,1.3430367708206177,0/0,60日新高,电子元件
195,002945,华林证券,6.765327453613281,20.2,20.81,2662497248,54540000000.0,54540000000.0,4.89790153503418,0.49751242995262146,是,1.1451221704483032,0/0,60日新高,证券
196,300451,创业慧康,6.763284683227539,6.63,7.45,1908592304,10121979695.1,10270696681.44,18.967683792114258,0.0,是,1.6853212118148804,0/0,60日新高,软件开发
197,688041,海光信息,6.762321472167969,251.5,282.68,11428040704,584571029886.5,584571031144.0,1.9633710384368896,0.0,是,1.3940287828445435,0/0,60日新高,半导体
198,300943,春晖智控,6.699751853942871,25.8,29.02,994998384,3465979404.6,5258556000.0,28.34381675720215,0.0,是,1.6143321990966797,0/0,60日新高,通用设备
199,300895,铜牛信息,6.698024272918701,56.71,63.78,899857024,7835748524.34,7984805258.47,11.678778648376465,0.0,是,1.4583592414855957,0/0,60日新高,互联网服
200,301302,华如科技,6.697282791137695,27.88,31.36,694446816,3875041200.0,4345516200.0,17.477947235107422,0.0,是,2.689832925796509,0/0,60日新高,软件开发
201,600714,金瑞矿业,6.646525859832764,14.12,14.56,682732496,4069048974.7599998,4069048960.64,16.745014190673828,0.1418439745903015,是,3.2414519786834717,0/0,60日新高,化学原料
202,301608,博实结,6.632705211639404,104.66,117.78,425214816,4179822119.0,9313693400.0,10.37081527709961,0.0,是,1.6965737342834473,0/0,60日新高,计算机设
203,300376,易事特,6.602475643157959,7.75,8.72,1279953568,18037620482.75,18043863720.0,7.235998630523682,0.0,是,5.105783939361572,0/0,60日新高,电源设备
204,301335,天元宠物,6.522462368011475,32.01,36.06,303497040,1620151067.04,4062158627.9999995,18.979764938354492,0.0,是,3.474229097366333,0/0,60日新高,家用轻工
205,688375,国博电子,6.487132549285889,169.24,190.72,2568465984,100869561676.0,100869560999.04001,2.638249635696411,0.0,是,1.061456561088562,0/0,60日新高,电子元件
206,600301,华锡有色,6.473117828369141,49.51,51.15,663732336,13631869566.31,31318415538.719997,4.8851799964904785,0.20238818228244781,是,0.873499870300293,0/0,60日新高,小金属
207,301023,奕帆传动,6.461538314819336,44.98,50.7,272315824,1880437118.56,3515935916.9999995,14.957738876342773,0.0,是,2.382948637008667,0/0,60日新高,电机
208,002095,生 意 宝,6.456532955169678,20.94,21.64,763149168,5270774210.1,5291956800.0,14.32628059387207,0.0,是,4.136956214904785,0/0,60日新高,互联网服
209,688222,成都先导,6.426666736602783,39.91,45.0,2245535488,15991138799.999998,15991138799.999998,14.24396800994873,0.0,是,1.3697620630264282,0/0,60日新高,医疗服务
210,300939,秋田微,6.399317264556885,37.41,42.19,444832832,4489200000.0,4489200000.0,10.09386920928955,0.0,是,2.5978195667266846,0/0,60日新高,光学光电
211,688091,上海谊众,6.356509685516357,62.41,70.42,570387552,12900374172.4,12900374172.4,4.458219528198242,0.0,是,1.2397397756576538,0/0,60日新高,化学制药
212,688155,先惠技术,6.354883193969727,77.32,87.24,587776720,9776032138.56,9776032138.56,6.091442108154297,0.0,是,1.5462181568145752,0/0,60日新高,电池
213,603626,科森科技,6.313645839691162,20.88,21.6,1503310592,11585887927.199999,11585888052.48,12.942127227783203,-0.09569378197193146,是,1.0233075618743896,0/0,60日新高,消费电子
214,301237,和顺科技,6.307448387145996,67.08,75.72,260454370,4418056500.0,5366400000.0,5.969603538513184,0.0,是,0.9158499240875244,0/0,60日新高,塑料制品
215,002085,万丰奥威,6.257668972015381,17.32,17.93,3666785856,36775513046.4,36775513046.4,9.966768264770508,0.05777007341384888,是,3.4041974544525146,0/0,60日新高,汽车零部
216,301005,超捷股份,6.253963470458984,217.81,245.99,4190705776,28831637336.66,29243390805.91,15.07664680480957,0.0,是,1.0560133457183838,0/0,60日新高,汽车零部
217,300155,安居宝,6.23229455947876,7.5,8.47,283029280,2480450820.0,4209208080.0,11.331303596496582,0.0,是,1.4933505058288574,0/0,60日新高,计算机设
218,000603,盛达资源,6.23052978515625,40.92,42.37,1936557104,27282033410.280003,28233545556.48,7.233309268951416,0.0,是,1.2459356784820557,0/0,60日新高,有色金属
219,601233,桐昆股份,6.170703411102295,18.41,19.07,1171440816,44108483892.13,44271995676.16,2.655961513519287,-0.054288819432258606,是,2.029322862625122,0/0,60日新高,化纤行业
220,002929,润建股份,6.165870666503906,48.9,50.67,1455355552,10296420332.699999,13891663003.199999,14.33459758758545,0.04091653227806091,是,1.062787652015686,0/0,60日新高,通信服务
221,920046,亿能电力,6.142364978790283,18.49,22.64,382029552,1184789036.6299999,1870263499.9999998,33.87178039550781,0.38002169132232666,是,2.98445200920105,0/0,60日新高,电网设备
222,002315,焦点科技,6.10051965713501,61.22,63.47,1962461712,12385740278.42,19421180083.84,15.783995628356934,0.0163371991366148,是,1.5563795566558838,0/0,60日新高,互联网服
223,688358,祥生医疗,6.093552112579346,41.96,47.46,296097744,4698496721.4800005,4704790721.4800005,6.240617752075195,0.0,是,1.763692021369934,0/0,60日新高,医疗器械
224,300766,每日互动,6.088939666748047,46.52,52.62,5822571520,16665791767.76,18363758835.2,34.669681549072266,0.0,是,1.6079814434051514,0/0,60日新高,互联网服
225,600673,东阳光,6.076618194580078,32.12,33.31,3891542320,96410040615.23999,96666908398.71999,4.2068376541137695,0.06230529397726059,是,1.1875832080841064,0/0,60日新高,综合行业
226,300536,农尚环境,6.013362884521484,9.52,10.78,294354496,2791900611.92,2792102978.56,10.476585388183594,0.0,是,1.0609941482543945,0/0,60日新高,工程建设
227,688020,方邦股份,6.0070672035217285,90.0,101.88,469312272,7413570000.0,7413570000.0,6.375943660736084,0.0,是,1.0598797798156738,0/0,60日新高,电子元件
228,603613,国联股份,5.976231098175049,31.21,32.4,1278847568,22487985143.73,22487984987.68,5.7273359298706055,0.0,是,2.3513541221618652,0/0,60日新高,互联网服
229,605288,凯迪股份,5.976022720336914,115.8,120.2,229889527,8129034009.599999,8183934789.599999,2.7909834384918213,0.10373444855213165,是,0.93971186876297,0/0,60日新高,专用设备
230,600776,东方通信,5.968331336975098,26.1,27.09,5757826816,24951601670.4,32781601670.4,23.67103385925293,-0.03829950466752052,是,2.5143678188323975,10/5,60日新高且近期多次涨停,通信设备
231,002364,中恒电气,5.953460216522217,35.06,36.4,2881870576,19567117825.600002,19758587497.600002,15.214229583740234,0.0,是,1.0498501062393188,0/0,60日新高,电源设备
232,300918,南山智尚,5.910041809082031,20.25,22.94,1243541344,10249222146.75,10249222248.0,12.066864013671875,0.0,是,2.280991554260254,0/0,60日新高,纺织服装
233,603325,博隆技术,5.881650924682617,88.75,92.2,339357072,3033759000.0,7100355000.0,11.243897438049316,0.04509074613451958,是,2.9081077575683594,0/0,60日新高,通用设备
234,688521,芯原股份,5.87994384765625,180.97,205.1,5850416896,95164571664.81,95164571483.84,6.225157260894775,0.0,是,1.1557637453079224,0/0,60日新高,半导体
235,300762,上海瀚讯,5.849952697753906,55.73,63.18,8889477632,34996532473.56,34996532696.479996,25.068017959594727,0.0,是,1.1528877019882202,0/0,60日新高,通信设备
236,002410,广联达,5.836298942565918,14.87,15.46,1757698656,23614765644.73,24564412276.32,7.541326522827148,0.0,是,2.0896942615509033,0/0,60日新高,软件开发
237,300682,朗新集团,5.83424186706543,19.41,22.01,2391704976,20032245527.670002,20928557343.84,11.91964340209961,0.0,是,2.6968932151794434,0/0,60日新高,软件开发
238,601168,西部矿业,5.7705841064453125,30.06,31.26,3284263376,71632980000.0,71632980000.0,4.591900825500488,0.03327786922454834,是,1.6881650686264038,0/0,60日新高,有色金属
239,603057,紫燕食品,5.714285850524902,29.6,30.8,360869744,12195200000.0,12240006822.400002,3.0310630798339844,0.37300780415534973,是,0.7728946805000305,0/0,60日新高,食品饮料
240,300672,国科微,5.6511054039001465,129.0,146.52,2902324432,27133558269.0,28006216308.0,10.481019020080566,0.0,是,0.9761993885040283,0/0,60日新高,半导体
241,002757,南兴股份,5.637744903564453,26.42,27.51,2381180016,7451864592.820001,7805945406.400001,32.229652404785156,0.03786444291472435,否,0.9462003111839294,10/5,近期多次涨停,专用设备
242,688378,奥来德,5.599745273590088,33.19,37.72,396943072,7997481351.49,8273578539.829999,5.110446929931641,0.0,是,1.3866277933120728,0/0,60日新高,专用设备
243,300590,移为通信,5.589123725891113,13.98,15.89,635299696,4953986673.54,6429647153.28,12.881424903869629,0.0,是,2.62329363822937,0/0,60日新高,通信设备
244,002378,章源钨业,5.535279750823975,17.35,18.08,1933927872,20735355752.15,20844596470.4,9.361720085144043,-0.11514104902744293,是,1.1579749584197998,0/0,60日新高,小金属
245,688480,赛恩斯,5.53165340423584,68.68,78.1,294652832,6547001973.72,6547001973.72,4.477652549743652,0.0,是,1.0892337560653687,0/0,60日新高,环保行业
246,000411,英特集团,5.513016700744629,13.78,14.37,737458608,4902456733.98,7620397324.799999,15.155098915100098,0.07262164354324341,是,1.9986847639083862,0/0,60日新高,医药商业
247,301535,浙江华远,5.374449729919434,23.92,27.24,351417120,1525955302.5600002,10173035159.04,23.23821258544922,0.0,是,2.01760196685791,0/0,60日新高,汽车零部
248,300253,卫宁健康,5.36480712890625,14.73,16.78,7892913408,26867232985.95,32634739695.36,28.987356185913086,0.0,是,1.7522687911987305,0/0,60日新高,软件开发
249,002342,巨力索具,5.342362880706787,14.0,14.62,4486606080,13365660000.0,13440000000.0,34.21097946166992,-0.9200283288955688,是,2.160813570022583,10/5,60日新高且近期多次涨停,通用设备
250,300674,宇信科技,5.323798179626465,26.51,30.2,2158352256,18636842685.45,18664552554.56,11.53078556060791,0.0,是,2.588763952255249,0/0,60日新高,互联网服
251,300348,长亮科技,5.307443618774414,16.27,18.54,1700201584,11538105032.05,13195591644.16,14.727449417114258,0.0,是,2.267003059387207,0/0,60日新高,软件开发
252,000099,中信海直,5.302674770355225,22.44,23.44,1310277344,17408281874.280003,17408282031.36,7.574647903442383,0.0,是,1.9903099536895752,0/0,60日新高,航空机场
253,301428,世纪恒通,5.298729419708252,38.95,44.39,460473024,2383610179.65,3843066679.65,19.431161880493164,0.0,是,2.501760959625244,0/0,60日新高,互联网服
254,000032,深桑达Ａ,5.29651403427124,23.26,24.3,1794595760,26468931782.84,26468931736.320004,6.793270587921143,0.04301075264811516,是,1.8901091814041138,0/0,60日新高,工程建设
255,688680,海优新材,5.273250102996826,54.9,62.58,400504960,4612911615.9,4612911615.9,8.644721984863281,0.0,是,1.0649358034133911,0/0,60日新高,光伏设备
256,300788,中信出版,5.271721363067627,32.35,36.88,384697312,6151401510.25,6151401510.25,6.265477657318115,0.0,是,2.074089288711548,0/0,60日新高,文化传媒
257,300936,中英科技,5.269889831542969,41.15,46.91,240866076,1952990316.25,3094480000.0,12.608967781066895,0.0,是,2.3696935176849365,0/0,60日新高,电子元件
258,300166,东方国信,5.231037139892578,12.07,13.76,1910599840,10932735173.34,13744661130.08,17.07961082458496,0.0,是,2.4345312118530273,0/0,60日新高,互联网服
259,688027,国盾量子,5.220294952392578,646.0,736.74,4041385424,51921843020.0,66448206646.0,7.826026916503906,0.0,是,1.2675682306289673,0/0,60日新高,通信设备
260,002152,广电运通,5.192878246307373,14.18,14.83,1548748288,35196656050.34,35214369465.28,4.459689617156982,0.07057163119316101,是,2.3947231769561768,0/0,60日新高,计算机设
261,600571,信雅达,5.186480522155762,18.05,18.88,1260835168,8262418239.150001,8417045387.200001,15.12257194519043,0.16648168861865997,是,2.8596906661987305,0/0,60日新高,互联网服
262,688776,国光电气,5.184331893920898,136.95,156.24,1451967808,14843109232.05,14843109232.05,9.621664047241211,0.0,是,1.2122061252593994,0/0,60日新高,电子元件
263,600797,浙大网新,5.153707027435303,11.63,12.17,2377473280,11950131683.1,11950131659.84,20.02655601501465,0.08605851978063583,是,2.176584005355835,0/0,60日新高,互联网服
264,002605,姚记科技,5.121865272521973,29.76,31.14,1780310944,10036288350.720001,12430191083.52,17.466854095458984,0.0,是,2.251462459564209,0/0,60日新高,游戏
265,920522,纳科诺尔,5.101156234741211,72.73,89.96,529150624,9457624465.800001,11400479865.6,5.720512390136719,0.0,是,1.4253273010253906,0/0,60日新高,专用设备
266,300604,长川科技,5.081019401550293,129.05,147.37,5324948480,63169643986.75001,81869656562.40001,8.455354690551758,0.0,是,0.9790492653846741,0/0,60日新高,半导体
267,002803,吉宏股份,5.066666603088379,19.7,20.63,664186304,5688772703.599999,8872984331.199999,11.647316932678223,-0.05073566734790802,是,1.837595820426941,0/0,60日新高,文化传媒
268,002643,万润股份,5.038265228271484,16.47,17.25,1081490960,14976098037.9,15201138551.039999,7.320812702178955,0.06075334548950195,是,1.297595500946045,0/0,60日新高,电子化学
269,600367,红星发展,5.013192653656006,19.9,20.85,1350277472,6407266321.799999,6788504830.4,21.229873657226562,0.0,是,1.9613138437271118,0/0,60日新高,化学原料
270,920116,星图测控,4.998202323913574,146.0,180.76,2093768576,5924793880.0,23327150000.0,36.34088897705078,0.2747252881526947,是,1.53715980052948,0/0,60日新高,航天航空
271,300342,天银机电,4.9952874183654785,55.7,63.66,6237805056,23327096669.100002,23674456184.0,26.834943771362305,0.0,是,1.0089099407196045,0/0,60日新高,家电行业
272,688118,普元信息,4.9830121994018555,37.08,42.38,694681104,3460183718.04,3460183718.04,19.846647262573242,0.0,是,1.9028708934783936,0/0,60日新高,软件开发
273,300738,奥飞数据,4.959033966064453,24.34,27.83,3712450560,23972466511.14,23979256665.28,15.629464149475098,0.0,是,1.2484358549118042,0/0,60日新高,互联网服
274,600845,宝信软件,4.915966510772705,24.97,26.18,2490118576,53287332200.409996,71683346636.0,4.614173412322998,0.04006410390138626,是,1.6446712017059326,0/0,60日新高,互联网服
275,002649,博彦科技,4.907161712646484,15.82,16.59,1406366704,8677956113.4,9260150432.960001,16.38739013671875,0.0,是,2.014431953430176,0/0,60日新高,互联网服
276,300246,宝莱特,4.889228343963623,13.73,15.71,880329712,2900949736.51,3632700329.09,30.067771911621094,0.0,是,2.216606616973877,2/1,60日新高,医疗器械
277,301348,蓝箭电子,4.862842559814453,25.23,28.87,1160134832,3914161259.1,6055200000.0,29.50733757019043,0.0,是,2.427180051803589,0/0,60日新高,半导体
278,603712,七一二,4.802134037017822,23.57,24.74,1560196496,18196040000.0,18196040000.0,8.62120532989502,-0.12711864709854126,是,1.6315741539001465,0/0,60日新高,通信设备
279,601949,中国出版,4.794520378112793,7.65,8.03,529557488,14565355613.1,14565355567.2,3.6695990562438965,0.7905138731002808,是,2.1293182373046875,0/0,60日新高,文化传媒
280,002206,海 利 得,4.783258438110352,7.01,7.36,590696000,5979646968.86,8147072584.16,10.04206657409668,-0.14245013892650604,是,2.2169830799102783,0/0,60日新高,化纤行业
281,603602,纵横通信,4.776299953460693,17.33,18.19,863990208,4004226371.0199995,4004226371.0199995,21.6729793548584,0.0,是,2.8206634521484375,0/0,60日新高,通信服务
282,600879,航天电子,4.753520965576172,29.75,31.24,22076063232,98154155186.5,98154155008.0,22.664567947387695,0.0,否,1.369715929031372,9/5,近期多次涨停,航天航空
283,600759,洲际油气,4.748603343963623,3.75,3.94,2904417024,15538821675.0,15558784800.0,18.755184173583984,-0.26595744490623474,是,1.159653663635254,0/0,60日新高,石油行业
284,300075,数字政通,4.690318584442139,17.41,19.96,1110762592,8973783867.16,10813876085.6,12.404516220092773,0.0,是,2.811455011367798,0/0,60日新高,软件开发
285,603061,金海通,4.646295547485352,200.0,210.23,514819792,8365266800.0,12000000000.0,6.228779315948486,0.06003602221608162,是,0.6333810687065125,0/0,60日新高,半导体
286,300084,海默科技,4.6421661376953125,10.82,12.41,507979792,3744819723.1600003,5500778761.28,13.669957160949707,0.0,是,2.043682098388672,0/0,60日新高,采掘行业
287,301016,雷尔伟,4.615384578704834,26.52,30.42,467738400,5493622190.16,5791968000.0,8.765616416931152,0.0,是,1.2930011749267578,0/0,60日新高,交运设备
288,688230,芯导科技,4.600864887237549,79.8,91.55,282926096,9384480000.0,9384480000.0,3.009430170059204,0.0,是,1.7315046787261963,0/0,60日新高,半导体
289,300377,赢时胜,4.5856122970581055,24.86,28.52,4628097280,17178119715.02,18669936767.68,26.398082733154297,0.0,是,1.6707212924957275,0/0,60日新高,软件开发
290,603308,应流股份,4.569339752197266,45.77,48.15,1300567648,31079497904.570004,31079498224.960003,4.20207405090332,0.0,是,1.1334973573684692,0/0,60日新高,通用设备
291,300666,江丰电子,4.5620436668396,120.33,138.1,2460223184,26611835407.29,31926037785.39,9.328880310058594,0.0,是,1.1708073616027832,0/0,60日新高,半导体
292,688135,利扬芯片,4.561630725860596,32.32,37.09,556748816,6575608490.56,6575608490.56,8.465570449829102,0.0,是,1.198744535446167,0/0,60日新高,半导体
293,603615,茶花股份,4.52905797958374,26.08,27.45,309131904,6306665600.0,6306665600.0,4.8418965339660645,-0.0383288636803627,是,2.9903547763824463,0/0,60日新高,塑料制品
294,600362,江西铜业,4.5271806716918945,59.8,62.93,5788633088,124099794819.0,207071218598.4,4.679748058319092,0.0,是,1.3421088457107544,0/0,60日新高,有色金属
295,688590,新致软件,4.509059906005859,24.8,28.48,1095029264,6519859289.6,6519859289.6,16.26502799987793,0.0,是,2.0660266876220703,0/0,60日新高,软件开发
296,603039,泛微网络,4.506828784942627,68.87,72.49,791702880,17947733637.510002,17947733637.510002,4.362298011779785,-1.034631371498108,是,1.4283889532089233,0/0,60日新高,软件开发
297,603090,宏盛股份,4.49213171005249,73.04,76.89,600901776,7304000000.000001,7304000000.000001,8.2746000289917,-0.4904631972312927,是,1.1626771688461304,0/0,60日新高,通用设备
298,688600,皖仪科技,4.49164342880249,30.01,34.46,189707169,4042601784.9,4042601784.9,4.699488639831543,0.0,是,1.6788884401321411,0/0,60日新高,仪器仪表
299,300624,万兴科技,4.481019973754883,109.82,126.13,5522138880,18804831781.12,21232195101.68,28.56792449951172,0.0,是,1.602124810218811,0/0,60日新高,软件开发
300,300525,博思软件,4.4678053855896,15.9,18.26,1440434832,9891118555.2,12059410204.800001,14.675559043884277,0.0,是,1.8885494470596313,0/0,60日新高,软件开发
301,600237,铜峰电子,4.465212821960449,10.06,10.59,979464176,6254062119.3,6344883849.6,15.873221397399902,0.0,是,1.4799591302871704,0/0,60日新高,电子元件
302,301628,强达电路,4.459545612335205,98.38,113.02,474369968,3209529444.0,7415471204.0,15.141270637512207,0.0,是,1.8610392808914185,0/0,60日新高,电子元件
303,688088,虹软科技,4.436921119689941,58.61,67.34,1701260384,23512597144.0,23512597144.0,7.143671035766602,0.0,是,1.938913345336914,0/0,60日新高,互联网服
304,300364,中文在线,4.430037498474121,38.66,44.42,9629518336,25531503680.179996,28163814329.92,36.94135665893555,0.0,是,1.8050538301467896,0/0,60日新高,文化传媒
305,920374,云里物里,4.428312301635742,28.77,35.81,122307495,981446862.27,2345272860.0,12.486346244812012,-0.17349062860012054,是,2.355109691619873,0/0,60日新高,电子元件
306,002426,胜利精密,4.4270830154418945,4.01,4.22,1680907648,13644425562.91,13644529939.199999,12.21435832977295,0.0,是,2.2742724418640137,0/0,60日新高,通用设备
307,000997,新 大 陆,4.42538595199585,30.44,32.07,1572780064,30666454757.64,30838700684.800003,5.076855659484863,0.06574622541666031,是,2.5275886058807373,0/0,60日新高,互联网服
308,300130,新国都,4.409722328186035,30.07,34.56,1914144544,13054959901.56,17058684538.4,14.619260787963867,0.0,是,1.9641788005828857,0/0,60日新高,计算机设
309,688692,达梦数据,4.400662422180176,315.29,362.4,1087001856,23059254378.5,35703439600.0,4.65410852432251,0.0,是,1.6303232908248901,0/0,60日新高,软件开发
310,688768,容知日新,4.349537372589111,53.02,60.97,324265920,4626713367.9800005,4665161563.26,6.879364013671875,0.0,是,2.2915005683898926,0/0,60日新高,仪器仪表
311,301393,昊帆生物,4.346244812011719,57.38,65.99,271828608,2415971989.5,6197040000.0,11.384376525878906,0.0,是,3.558084487915039,0/0,60日新高,生物制品
312,002380,科远智慧,4.340784072875977,32.21,33.96,631056672,4565828376.900001,7730131014.29,13.758758544921875,0.34267911314964294,是,1.4936041831970215,0/0,60日新高,互联网服
313,600100,同方股份,4.329461574554443,9.88,10.42,1810766992,33100941404.440002,33100941394.56,5.486639022827148,0.0,是,1.7334496974945068,0/0,60日新高,计算机设
314,300770,新媒股份,4.312026023864746,48.14,55.38,754805632,10968149770.74,10968149770.74,6.915628910064697,0.0,是,2.254744291305542,0/0,60日新高,文化传媒
315,603619,中曼石油,4.304897308349609,26.41,27.85,853240816,12210358755.01,12210358834.24,7.019009590148926,0.0,是,1.861029028892517,0/0,60日新高,采掘行业
316,688115,思林杰,4.303646087646484,69.8,80.3,134791382,4653566000.0,4653566000.0,2.881685972213745,0.0,是,1.806829571723938,0/0,60日新高,仪器仪表
317,300592,华凯易佰,4.296875,13.35,15.36,520556736,4657601052.9,5398225651.2,11.164180755615234,0.0,是,1.419080138206482,0/0,60日新高,互联网服
318,688676,金盘科技,4.292630195617676,96.94,111.54,3655239008,44571496246.159996,44571496633.92,8.26575756072998,0.0,是,1.6200217008590698,0/0,60日新高,电网设备
319,600861,北京人力,4.28494930267334,19.47,20.54,305581632,7137212290.559999,11022214658.4,4.27557897567749,-0.10261672735214233,是,3.8618271350860596,0/0,60日新高,专业服务
320,300707,威唐工业,4.271503925323486,17.82,20.51,534294560,2553336579.42,3145960370.52,20.596797943115234,0.0,是,1.8753231763839722,0/0,60日新高,汽车零部
321,603028,赛福天,4.266388893127441,10.02,10.57,421055808,2847583800.0,2876140800.0,15.114189147949219,0.09990009665489197,是,1.1716216802597046,0/0,60日新高,通用设备
322,301185,鸥玛软件,4.2602996826171875,22.27,25.63,476318336,3114912984.0099998,3416609952.0,15.208968162536621,0.0,是,2.3805906772613525,0/0,60日新高,软件开发
323,002396,星网锐捷,4.2392377853393555,31.72,33.47,1051143008,18501650418.16,18578248698.88,5.704486846923828,0.0,是,1.1226354837417603,0/0,60日新高,通信设备
324,600531,豫光金铅,4.234769344329834,14.03,14.81,2052328928,16965955652.939999,16965955737.119999,12.147073745727539,0.0,是,1.394029140472412,0/0,60日新高,有色金属
325,301556,托普云农,4.230473518371582,149.06,171.61,1494034688,4394288800.0,12711836800.0,33.755367279052734,0.0,是,1.4566904306411743,0/0,60日新高,软件开发
326,301085,亚康股份,4.228769779205322,60.14,69.24,342311696,3542952163.88,5218689094.5,9.692397117614746,0.0,是,1.4452451467514038,0/0,60日新高,互联网服
327,300384,三联虹普,4.208065509796143,17.83,20.53,265929612,3926748488.2699995,5687899517.12,6.804722785949707,0.0,是,2.3686554431915283,0/0,60日新高,专业服务
328,000100,TCL科技,4.201680660247803,4.96,5.24,8508020736,89759859644.16,103172277821.44,9.324363708496094,-0.201207235455513,是,2.3054728507995605,0/0,60日新高,光学光电
329,000607,华媒控股,4.201680660247803,4.96,5.24,424819360,4389765882.24,5047784143.36,9.831562995910645,0.20202021300792694,是,1.7533371448516846,0/0,60日新高,文化传媒
330,002995,天地在线,4.199066638946533,20.1,21.22,282409648,2259585880.8,3566835048.0000005,12.599185943603516,0.04977600648999214,是,1.5287652015686035,0/0,60日新高,文化传媒
331,688046,药康生物,4.171301364898682,18.73,21.58,175535906,7679300000.0,7679300000.0,2.269843101501465,0.0,是,1.9296824932098389,0/0,60日新高,生物制品
332,688279,峰岹科技,4.166449546813965,200.01,230.41,602691872,18656288767.8,22967704327.8,3.193509578704834,0.0,是,1.6100845336914062,0/0,60日新高,半导体
333,300352,北信源,4.117647171020508,7.08,8.16,1176532384,9038405044.56,10264754486.4,12.980998039245605,0.0,是,1.4971708059310913,0/0,60日新高,软件开发
334,603159,上海亚虹,4.080868721008301,27.8,29.38,145212637,3892000000.0,3892000000.0,3.800898551940918,0.03598416969180107,是,1.3453565835952759,0/0,60日新高,专用设备
335,300970,华绿生物,4.064664840698242,22.53,25.98,236297861,2143416986.3700001,2762383023.0,11.352185249328613,0.0,是,1.3564059734344482,0/0,60日新高,农牧饲渔
336,603291,联合水务,3.9777982234954834,11.24,11.89,122567953,1460560185.48,4756999633.92,8.455625534057617,0.0,是,1.5070009231567383,0/0,60日新高,公用事业
337,002467,二六三,3.969465494155884,6.81,7.21,1121088944,9308479747.17,9366282448.32,12.07829475402832,0.0,是,1.8674777746200562,0/0,60日新高,通信服务
338,601016,节能风电,3.9603960514068604,3.15,3.33,988009792,18691577323.649998,20287198310.399998,5.281251907348633,0.0,是,5.017930507659912,0/0,60日新高,电力行业
339,300292,吴通控股,3.950104236602783,5.0,5.77,511801808,5579724065.0,6708824880.0,9.277281761169434,0.0,是,2.0914926528930664,0/0,60日新高,通信服务
340,002017,东信和平,3.9358601570129395,28.52,30.18,3047987728,16544049354.64,16553917902.08,18.35451316833496,0.0,是,1.5888469219207764,4/2,60日新高且近期多次涨停,通信设备
341,300662,科锐国际,3.857665538787842,31.23,36.08,956450912,6129936578.16,6146262591.57,15.460346221923828,0.0,是,3.2737667560577393,0/0,60日新高,专业服务
342,300567,精测电子,3.8490567207336426,110.08,127.2,1699062032,24993452756.48,30794349854.72,6.798948287963867,0.0,是,0.9571523666381836,0/0,60日新高,仪器仪表
343,002796,世嘉科技,3.846153974533081,35.91,38.04,967531568,8177001569.73,9062497102.679998,11.751145362854004,0.027855154126882553,是,0.7703197598457336,0/0,60日新高,专用设备
344,300492,华图山鼎,3.822019338607788,91.0,105.18,495512256,17897976278.0,17897976278.0,2.7584099769592285,0.0,是,1.5201983451843262,0/0,60日新高,工程咨询
345,301536,星宸科技,3.8148443698883057,65.04,75.18,864358896,12175049760.480001,27428358689.280003,7.1299567222595215,0.0,是,1.4960274696350098,0/0,60日新高,半导体
346,000710,贝瑞基因,3.8062281608581543,15.0,15.9,1449109680,4942948845.0,5302822080.0,29.038206100463867,0.0,是,4.01627779006958,2/1,60日新高,医疗器械
347,300315,掌趣科技,3.7900876998901367,7.12,8.23,6197672192,18391156917.84,19278190376.96,33.86763000488281,0.0,是,2.761183261871338,0/0,60日新高,游戏
348,688581,安杰思,3.7668018341064453,66.39,76.78,174953344,2759148549.39,5385694824.81,6.351751804351807,0.0,是,2.3013367652893066,0/0,60日新高,医疗器械
349,000657,中钨高新,3.7555887699127197,34.81,36.91,3309054992,50278840613.39001,79318219164.0,6.605370998382568,0.028735632076859474,是,1.0411385297775269,0/0,60日新高,小金属
350,600307,酒钢宏兴,3.7433154582977295,1.94,2.06,595349504,12150913402.56,12150913433.6,4.841675281524658,0.0,是,2.182264804840088,0/0,60日新高,钢铁行业
351,688207,格灵深瞳,3.7403740882873535,18.86,21.82,402998368,4884233552.42,4884233552.42,8.20498275756836,0.0,是,1.8602327108383179,0/0,60日新高,软件开发
352,300142,沃森生物,3.7367992401123047,12.77,14.77,1681459408,19869411763.03,20423680906.88,8.313353538513184,0.0,是,2.4932215213775635,0/0,60日新高,生物制品
353,300550,和仁科技,3.7323038578033447,16.12,18.65,217602993,4228539739.32,4232469472.92,5.120066165924072,0.0,是,1.7477772235870361,0/0,60日新高,软件开发
354,301045,天禄科技,3.720237970352173,34.85,40.32,280857728,2228935742.4,3844594776.3,12.697586059570312,0.0,是,0.9013662934303284,0/0,60日新高,光学光电
355,002373,千方科技,3.7037036418914795,13.44,14.26,1452286448,18514865053.44,21237729515.52,7.878813743591309,0.0,是,1.318984031677246,0/0,60日新高,互联网服
356,688200,华峰测控,3.655714988708496,224.0,259.32,966998512,30359442400.0,30359442400.0,3.2050156593322754,0.0,是,1.1776257753372192,0/0,60日新高,半导体
357,000676,智度股份,3.638151168823242,10.54,11.19,1843256192,13270160727.279999,13278178336.64,13.854073524475098,0.09496676176786423,是,1.612042784690857,0/0,60日新高,互联网服
358,300663,科蓝软件,3.6157023906707764,20.06,23.23,1248774896,9178447383.199999,9597732997.76,13.526195526123047,0.0,是,1.670607566833496,0/0,60日新高,软件开发
359,000975,山金国际,3.5965890884399414,27.94,29.67,1344508816,70616462401.54001,77581620279.68001,1.9086328744888306,-0.2142857015132904,是,1.2650772333145142,0/0,60日新高,贵金属
360,300805,电声股份,3.5913805961608887,12.98,15.04,418411776,3742402582.1600003,5508861114.24,11.206771850585938,0.0,是,1.5694284439086914,0/0,60日新高,文化传媒
361,300383,光环新网,3.583062171936035,15.9,18.42,3206570288,28517510682.9,28581726283.2,11.269070625305176,0.0,是,1.162408709526062,0/0,60日新高,互联网服
362,000878,云南铜业,3.5778985023498535,22.87,24.29,3554471584,45822175957.990005,45822979312.48,7.871232986450195,0.0,是,1.244834303855896,0/0,60日新高,有色金属
363,002769,普路通,3.563636541366577,14.24,15.13,1142875792,5311665675.2,5316049003.52,21.218873977661133,0.0,是,3.0276803970336914,3/2,60日新高且近期多次涨停,物流行业
364,300562,乐心医疗,3.5625,16.57,19.2,739371936,2687128084.77,3622428810.16,27.165252685546875,0.0,是,2.5843091011047363,0/0,60日新高,医疗器械
365,600728,佳都科技,3.5511362552642822,7.29,7.74,1228555424,15546648612.69,15546648634.56,7.906971454620361,0.0,是,1.3993250131607056,0/0,60日新高,软件开发
366,002063,远光软件,3.522205352783203,6.76,7.18,1061786208,11922766026.6,12912043131.52,8.90284252166748,0.0,是,2.3254752159118652,0/0,60日新高,软件开发
367,002777,久远银海,3.5103511810302734,23.0,24.44,1542681120,9303764293.0,9389313920.0,16.557584762573242,0.043497174978256226,是,1.6996994018554688,0/0,60日新高,互联网服
368,000969,安泰科技,3.4641218185424805,29.27,31.12,6363213824,30257746766.42,30748702603.84,20.377483367919922,0.03417634963989258,是,1.6187700033187866,4/2,60日新高且近期多次涨停,通用设备
369,300231,银信科技,3.463587999343872,11.65,13.51,385989744,5175733663.6,5175999376.8,7.474905490875244,0.0,是,1.8197468519210815,0/0,60日新高,互联网服
370,600718,东软集团,3.4042551517486572,12.15,12.93,1381617280,14500090883.7,14500090908.0,9.520075798034668,0.0,是,1.5773870944976807,0/0,60日新高,互联网服
371,300479,神思电子,3.4034032821655273,20.66,23.98,313529968,4068540020.9,4070864270.9,7.766435623168945,0.0,是,2.057766914367676,0/0,60日新高,计算机设
372,002127,南极电商,3.3994336128234863,3.65,3.88,607333472,7280775439.05,8960276960.0,8.300054550170898,-0.27322402596473694,是,2.617173433303833,0/0,60日新高,贸易行业
373,301558,三态股份,3.354978084564209,9.55,11.09,581649760,2094140970.3500001,7533529112.8,27.357704162597656,0.0,是,2.7223751544952393,0/0,60日新高,贸易行业
374,300017,网宿科技,3.3361847400665283,12.08,14.03,2758127872,27858190878.32,29710153294.08,9.871894836425781,0.0,是,1.7268375158309937,0/0,60日新高,互联网服
375,600790,轻纺城,3.3333334922790527,4.03,4.29,164618019,5907137439.84,5907137439.84,2.7832608222961426,0.0,是,3.610370397567749,0/0,60日新高,商业百货
376,301052,果麦文化,3.3024203777313232,45.67,53.05,1055003808,3662547620.73,4519473012.13,28.539602279663086,0.0,是,1.5843713283538818,0/0,60日新高,文化传媒
377,603598,引力传媒,3.2833919525146484,32.4,34.51,3121414720,8724117960.0,8733837830.4,35.095481872558594,0.09267840534448624,是,3.0311641693115234,8/6,60日新高且近期多次涨停,文化传媒
378,002987,京北方,3.2802250385284424,22.04,23.47,1329319168,18591783043.0,19118821926.399998,7.13040018081665,0.0,是,2.080043315887451,0/0,60日新高,软件开发
379,688351,微电生理,3.279968738555908,26.45,30.73,323513568,3302543852.45,12447370000.0,9.70797061920166,0.0,是,1.7400609254837036,0/0,60日新高,医疗器械
380,002537,海联金汇,3.2694478034973145,9.16,9.76,909506416,10709869664.2,10753993448.32,8.4686861038208,0.0,是,1.7527488470077515,0/0,60日新高,汽车零部
381,000923,河钢资源,3.2299742698669434,23.97,25.54,751651952,15050795455.38,15645913171.199999,5.026240348815918,0.0,是,1.3753427267074585,0/0,60日新高,钢铁行业
382,688531,日联科技,3.2072830200195312,73.69,85.68,436834144,7882164927.46,12202617364.91,5.5061564445495605,0.0,是,1.4426394701004028,0/0,60日新高,专用设备
383,688475,萤石网络,3.1780996322631836,32.79,38.14,451089648,25822125000.0,25822125000.0,1.752156376838684,0.0,是,1.8947572708129883,0/0,60日新高,家电行业
384,600088,中视传媒,3.1754872798919678,18.52,19.75,406590640,7365522528.0,7365522528.0,5.506406307220459,0.05402485281229019,是,1.7685836553573608,0/0,60日新高,文化传媒
385,002203,海亮股份,3.1454782485961914,15.74,16.79,1762596992,34819103574.06,36072228107.2,5.025363445281982,0.0,是,1.6418741941452026,0/0,60日新高,有色金属
386,601179,中国西电,3.1451611518859863,12.79,13.64,7984559104,65560035282.079994,65560035486.71999,12.071545600891113,-0.078125,是,1.4868096113204956,0/0,60日新高,电网设备
387,000725,京东方Ａ,3.1390135288238525,4.6,4.91,8199024896,167171652983.19998,170403909683.19998,4.877257823944092,0.0,是,1.8421074151992798,0/0,60日新高,光学光电
388,688120,华海清科,3.1102406978607178,179.02,208.34,1474709840,63310779428.82001,63310778175.68,2.328869104385376,0.0,是,1.0373008251190186,0/0,60日新高,半导体
389,688139,海尔生物,3.094507932662964,36.98,43.04,495153664,11703908255.56,11703908477.439999,4.182473182678223,0.0,是,2.8229804039001465,0/0,60日新高,医疗器械
390,603916,苏博特,3.085299491882324,11.36,12.12,492376080,4774896237.28,4842715471.36,10.116748809814453,0.0,是,1.1701653003692627,0/0,60日新高,化学制品
391,002530,金财互联,3.0658249855041504,11.43,12.2,1053809040,7945259707.62,8906235151.68,13.215287208557129,0.17528483271598816,是,1.7972934246063232,0/0,60日新高,通用设备
392,300079,数码视讯,3.0508475303649902,6.08,7.08,648923600,7791396308.4800005,8670250629.12,8.313820838928223,0.0,是,1.7931376695632935,0/0,60日新高,互联网服
393,002182,宝武镁业,3.028503656387329,17.35,18.52,1022847808,15016641198.35,17207583427.2,6.793773174285889,0.057670123875141144,是,1.3437656164169312,0/0,60日新高,有色金属
394,301060,兰卫医学,3.0120482444763184,13.68,15.94,1102965024,4927324739.76,5479072669.44,22.118106842041016,0.0,是,4.3046159744262695,2/1,60日新高,医疗器械
395,300996,普联软件,3.0105369091033936,20.53,23.92,895178864,4820101251.650001,5805392265.440001,18.496105194091797,0.0,是,1.958754301071167,0/0,60日新高,软件开发
396,688387,信科移动-U,3.0051815509796143,19.88,23.16,5469147392,40093530736.0,67964750000.0,13.616617202758789,0.0,否,1.4562556743621826,4/2,近期多次涨停,通信设备
397,600141,兴发集团,2.9947915077209473,39.55,42.24,1148955696,43633847255.6,43633847572.0,2.6691110134124756,-0.377833753824234,是,1.1915801763534546,0/0,60日新高,化肥行业
398,600549,厦门钨业,2.9573731422424316,50.48,53.93,3401587360,78442486350.4,80141332395.51999,4.348329067230225,0.47770702838897705,是,1.1003873348236084,0/0,60日新高,小金属
399,688107,安路科技,2.941176414489746,29.4,34.27,339528928,11784971389.8,11784971184.0,2.8612005710601807,0.0,是,1.9105569124221802,0/0,60日新高,半导体
400,688113,联测科技,2.933985471725464,42.1,49.08,66285788,2711137233.9,2711137233.9,2.4863271713256836,0.0,是,1.593505859375,0/0,60日新高,专用设备
401,600666,奥瑞德,2.933333158493042,3.86,4.13,1063344640,9340246329.1,10620586933.119999,11.324637413024902,0.0,是,1.8810783624649048,0/0,60日新高,光学光电
402,300341,麦克奥迪,2.912087917327881,18.73,21.84,621812512,9652852679.28,9691095593.28,6.390026569366455,0.0,是,2.373871326446533,0/0,60日新高,电网设备
403,002207,准油股份,2.88248348236084,9.28,9.92,795113504,2420334432.0,2431873907.8399997,33.322452545166016,0.0,是,1.8103772401809692,2/1,60日新高,采掘行业
404,688548,广钢气体,2.8776979446411133,20.02,23.35,737277056,13838004220.039999,26414358530.559998,5.354000568389893,0.0,是,0.8115231394767761,0/0,60日新高,电子化学
405,300182,捷成股份,2.861445665359497,6.83,7.97,2758243888,15428301049.31,18193929066.56,17.733448028564453,0.0,是,1.8278099298477173,0/0,60日新高,文化传媒
406,600853,龙建股份,2.857142925262451,4.68,5.01,361525120,4744097495.28,4745668561.92,7.644986152648926,0.0,是,1.8597341775894165,0/0,60日新高,工程建设
407,603466,风语筑,2.827521324157715,10.91,11.67,598752800,6489115467.29,6489115434.56,9.200864791870117,0.18365472555160522,是,1.6106311082839966,0/0,60日新高,文化传媒
408,002865,钧达股份,2.8218255043029785,82.35,88.1,4036610832,18517697971.199997,24094296352.8,21.64327621459961,0.04859676584601402,是,0.9411979913711548,2/1,60日新高,光伏设备
409,603127,昭衍新药,2.820941925048828,43.01,46.01,1457707584,27111483132.14,32229467114.239998,5.288332939147949,0.023255813866853714,是,1.1637392044067383,0/0,60日新高,医疗服务
410,300380,安硕信息,2.8128459453582764,46.42,54.18,599111232,5912308506.06,6426340701.0,10.054790496826172,0.0,是,1.6254104375839233,0/0,60日新高,软件开发
411,300466,赛摩智能,2.812803268432617,10.6,12.37,300899744,4758044917.2,5676616982.4,6.271879196166992,0.0,是,2.6126294136047363,0/0,60日新高,仪器仪表
412,300031,宝通科技,2.8067362308502197,25.64,29.93,1276394592,9022764510.880001,10736665080.32,14.076590538024902,0.0,是,2.0483458042144775,0/0,60日新高,游戏
413,002843,泰嘉股份,2.806360960006714,21.98,23.52,485788960,5512420512.76,5533191612.76,8.915509223937988,0.0,是,1.0026823282241821,0/0,60日新高,消费电子
414,600482,中国动力,2.8052804470062256,24.92,26.66,1863459232,56159732808.200005,56159732733.44,3.312869071960449,0.0803212895989418,是,1.5682103633880615,0/0,60日新高,船舶制造
415,688082,盛美上海,2.7997887134552,194.6,227.16,1144055648,84919511026.0,93440066966.4,1.339756965637207,0.0,是,1.0903806686401367,0/0,60日新高,半导体
416,000977,浪潮信息,2.7933785915374756,69.55,74.43,6513655040,102018151968.2,102132551424.8,6.373533248901367,0.014380212873220444,是,1.3589961528778076,0/0,60日新高,计算机设
417,301236,软通动力,2.7629573345184326,53.93,62.98,3103458704,42234611523.02,51392118053.12,7.338710784912109,0.0,是,1.6209251880645752,0/0,60日新高,软件开发
418,300806,斯迪克,2.760646104812622,34.99,40.86,897091120,11064193918.28,15860984355.04,8.016792297363281,0.0,是,1.0577375888824463,0/0,60日新高,塑料制品
419,300378,鼎捷数智,2.7605903148651123,64.77,75.64,3798572240,17458078596.6,17588411640.48,21.070354461669922,0.0,是,1.3110191822052002,0/0,60日新高,软件开发
420,300687,赛意信息,2.7201147079467773,28.7,33.53,1469076272,9444780799.3,11721413379.199999,15.20450496673584,0.0,是,1.4322246313095093,0/0,60日新高,互联网服
421,002833,弘亚数控,2.6865673065185547,17.2,18.43,232821685,4963107196.8,7296793152.0,4.700106620788574,0.05817335844039917,是,2.7640652656555176,0/0,60日新高,专用设备
422,000949,新乡化纤,2.6666667461395264,6.16,6.6,447538880,10471105340.08,10474032307.2,4.25602388381958,0.0,是,0.8622735142707825,0/0,60日新高,化纤行业
423,600446,金证股份,2.616279125213623,17.65,18.92,1087523568,16613371004.349998,16613370880.8,6.499405384063721,0.0,是,1.5673503875732422,0/0,60日新高,互联网服
424,605186,健麾信息,2.612102746963501,23.57,25.27,488048304,3205520000.0,3205520000.0,15.252907752990723,-0.12711864709854126,是,5.497650623321533,2/1,60日新高,医疗服务
425,605177,东亚药业,2.589641571044922,20.6,22.09,117543785,2319229720.2000003,2363357042.0,4.981276988983154,-0.09699321538209915,是,1.3084332942962646,0/0,60日新高,化学制药
426,301078,孩子王,2.5618374347686768,11.61,13.58,1426595472,14561320409.91,14642562464.64,9.739808082580566,0.0,是,1.4478297233581543,0/0,60日新高,商业百货
427,301398,星源卓镁,2.538576364517212,61.8,72.32,259060423,2300134200.0,6921600000.0,11.26844310760498,0.0,是,0.8478160500526428,0/0,60日新高,汽车零部
428,603112,华翔股份,2.5369980335235596,19.4,20.81,482096992,9800855109.8,10479308864.0,4.909248352050781,0.20661155879497528,是,1.7270722389221191,0/0,60日新高,家电行业
429,001337,四川黄金,2.5065102577209473,31.49,33.79,730476960,9083479440.0,13225800000.0,8.10958194732666,-0.06347191333770752,是,1.4353554248809814,0/0,60日新高,贵金属
430,300830,金现代,2.4890189170837402,14.0,16.39,1431517648,4719186808.0,6322970528.0,29.817941665649414,0.0,是,1.4621130228042603,0/0,60日新高,软件开发
431,600722,金牛化工,2.4817519187927246,7.02,7.54,492785648,4775844125.5199995,4775844153.599999,10.272215843200684,0.0,是,1.8471311330795288,0/0,60日新高,化学原料
432,300487,蓝晓科技,2.4689595699310303,71.8,84.08,578993424,22015823554.2,36450400419.2,2.645728349685669,0.0,是,1.184448003768921,0/0,60日新高,塑料制品
433,002273,水晶光电,2.4583663940429688,25.84,27.74,1959543824,35199554307.36,35933936668.159996,5.5320940017700195,0.0,是,1.5281379222869873,0/0,60日新高,光学光电
434,300553,集智股份,2.4510772228240967,51.83,60.71,1005032496,4366958522.26,5754262019.03,22.10051918029785,0.0,是,1.4958293437957764,0/0,60日新高,仪器仪表
435,688188,柏楚电子,2.4427480697631836,161.04,188.64,660541296,46497067444.079994,46497066316.799995,1.4186460971832275,0.0,是,1.43626070022583,0/0,60日新高,软件开发
436,301446,福事特,2.4403183460235596,38.62,45.24,123703674,1227034640.0,4016479999.9999995,10.211739540100098,0.0,是,1.012176752090454,0/0,60日新高,通用设备
437,688778,厦钨新能,2.4047865867614746,89.0,104.29,877489856,44917506387.0,44917506832.0,1.945976972579956,0.0,是,1.315435528755188,0/0,60日新高,电池
438,300992,泰福泵业,2.4028966426849365,31.11,36.46,153511170,2410819767.33,2965962162.33,6.376276969909668,0.0,是,0.9563484191894531,0/0,60日新高,通用设备
439,688561,奇安信-U,2.4006001949310303,40.95,47.99,801101648,27938249088.750004,27938248884.000004,2.8558645248413086,0.0,是,1.635766625404358,0/0,60日新高,软件开发
440,603895,天永智能,2.4000000953674316,32.0,34.38,164909810,3458560000.0,3458560000.0,4.804478168487549,0.03125976771116257,是,1.322760820388794,0/0,60日新高,专用设备
441,301162,国能日新,2.3529412746429443,65.25,76.5,307594784,5560967007.0,8651087991.0,5.509518146514893,0.0,是,1.2875258922576904,0/0,60日新高,软件开发
442,000630,铜陵有色,2.341137170791626,6.12,6.58,3505044208,68195230074.0,82065965506.56,5.118324279785156,0.0,是,1.1340134143829346,0/0,60日新高,有色金属
443,000948,南天信息,2.314316511154175,19.01,20.44,443095840,7397328811.910001,7411785479.68,5.994509220123291,0.052631575614213943,是,1.2484830617904663,0/0,60日新高,软件开发
444,300010,豆神教育,2.3094687461853027,8.86,10.39,3408775056,14737126676.519999,18310188132.16,22.568010330200195,0.0,是,1.6011899709701538,0/0,60日新高,教育
445,002921,联诚精密,2.295081853866577,18.72,20.13,160429637,2405550513.6,2788720777.44,6.673223495483398,0.10695187747478485,是,0.8146410584449768,0/0,60日新高,汽车零部
446,600768,宁波富邦,2.283411741256714,15.23,16.38,89426740,2036969856.0,2036969856.0,4.388278961181641,-0.06561680138111115,是,1.1760672330856323,0/0,60日新高,有色金属
447,688579,山大地纬,2.214930295944214,12.46,14.63,208011977,4984124600.0,4984124600.0,4.140577793121338,0.0,是,1.6407651901245117,0/0,60日新高,软件开发
448,688095,福昕软件,2.207685947418213,125.0,146.76,904127152,11419940500.0,11419940500.0,7.8542799949646,0.0,是,1.3299837112426758,0/0,60日新高,软件开发
449,603993,洛阳钼业,2.1929824352264404,23.3,25.08,6586878208,406837622700.8,498487426355.2,1.6119446754455566,0.0,是,1.096664547920227,0/0,60日新高,小金属
450,001326,联域股份,2.1772940158843994,52.56,56.58,132384168,1266870972.24,3847392000.0,10.263876914978027,-0.30349013209342957,是,1.1406135559082031,0/0,60日新高,光学光电
451,688372,伟测科技,2.174448251724243,124.52,146.24,789732704,18560184530.36,18560184530.36,4.209536552429199,0.0,是,1.0230587720870972,0/0,60日新高,半导体
452,300144,宋城演艺,2.155688524246216,8.53,10.02,697284544,20120732416.32,22388523266.079998,3.4756879806518555,0.0,是,2.013605833053589,0/0,60日新高,旅游酒店
453,002659,凯文教育,2.1306817531585693,7.19,7.74,594554272,4301615742.68,4301635960.96,13.83357048034668,0.559440553188324,是,1.4381214380264282,0/0,60日新高,教育
454,002712,思美传媒,2.124645948410034,7.21,7.77,814792464,3899890968.33,3924231344.32,20.69152069091797,0.1388888955116272,是,2.0100297927856445,0/0,60日新高,文化传媒
455,601519,大智慧,2.1232876777648926,14.91,16.06,2064919744,29658375600.0,29658375600.0,6.792611598968506,-0.06702413409948349,是,1.3332768678665161,0/0,60日新高,软件开发
456,301219,腾远钴业,2.104222536087036,72.3,84.97,1192910160,20891619007.8,21308052403.2,5.61638069152832,0.0,是,1.8878517150878906,0/0,60日新高,能源金属
457,300616,尚品宅配,2.0997376441955566,15.56,18.29,131888498,2411928245.52,3493468648.8,5.469384670257568,0.0,是,1.5614447593688965,0/0,60日新高,装修建材
458,002362,汉王科技,2.0859408378601074,24.47,26.37,579018128,5079823516.04,5981805187.62,11.32879638671875,0.0,是,1.7298340797424316,0/0,60日新高,软件开发
459,688343,云天励飞-U,2.073538303375244,84.67,99.54,1954939456,22338504727.4,30381852963.52,8.640185356140137,0.0,是,1.324859619140625,0/0,60日新高,软件开发
460,603912,佳力图,2.068965435028076,8.88,9.57,234010973,4811565094.080001,4811565058.56,4.869956970214844,0.0,是,1.541235327720642,0/0,60日新高,专用设备
461,600477,杭萧钢构,2.0642201900482178,4.45,4.8,2910352720,10541899367.5,10541899340.800001,28.840465545654297,0.0,是,5.413640975952148,5/4,60日新高且近期多次涨停,水泥建材
462,000338,潍柴动力,2.0526316165924072,19.39,20.9,3239556288,97087978212.33,168956341639.68,3.3231992721557617,0.05159958824515343,是,1.6197733879089355,0/0,60日新高,汽车零部
463,002414,高德红外,2.0433437824249268,16.48,17.77,2414035696,56009132862.880005,70381731125.76,4.278043270111084,0.0,是,0.9307464957237244,0/0,60日新高,电子元件
464,301011,华立科技,2.0007145404815674,28.55,33.59,221914322,3999483507.4,4394700329.45,5.452207088470459,0.0,是,1.806971788406372,0/0,60日新高,专用设备
465,600489,中金黄金,1.9890795946121216,26.15,28.2,2199736752,126757223548.59999,126757225536.0,1.7411577701568604,0.11485451459884644,是,1.118862271308899,0/0,60日新高,贵金属
466,301166,优宁维,1.9692307710647583,33.14,39.0,151072900,1886284657.52,2872133377.52,7.904555797576904,0.0,是,3.257441282272339,0/0,60日新高,生物制品
467,300494,盛天网络,1.958042025566101,14.58,17.16,985522960,5807914831.44,7151636966.4,16.83010482788086,0.0,是,1.7888073921203613,0/0,60日新高,游戏
468,300797,钢研纳克,1.9351167678833008,17.91,21.08,253872036,6778789302.15,6854662205.28,3.7152938842773438,0.0,是,0.9242826700210571,0/0,60日新高,专业服务
469,600927,永安期货,1.9230769872665405,16.43,17.73,324065072,23914777785.079998,23914777719.36,1.3410017490386963,-0.12158054113388062,是,2.076124429702759,0/0,60日新高,多元金融
470,300599,雄塑科技,1.899999976158142,10.19,12.0,178350107,2163754198.98,3649360677.9199996,8.18494987487793,0.0,是,0.7314945459365845,0/0,60日新高,装修建材
471,002439,启明星辰,1.8966645002365112,15.58,16.82,823192192,11300842942.88,18873615240.64,7.248848915100098,0.0,是,1.9680131673812866,0/0,60日新高,软件开发
472,601808,中海油服,1.8966645002365112,15.58,16.82,774161968,46124091440.0,74341402362.88,1.671311616897583,0.0,是,2.0601327419281006,0/0,60日新高,采掘行业
473,601801,皖新传媒,1.8624640703201294,7.11,7.68,236359505,13920891095.07,13920891059.52,1.6969472169876099,0.0,是,1.5905009508132935,0/0,60日新高,文化传媒
474,688329,艾隆科技,1.8558481931686401,23.6,27.8,64062455,1821920000.0,1821920000.0,3.5296852588653564,0.0,是,1.1098427772521973,0/0,60日新高,专用设备
475,002526,山东矿机,1.8518518209457397,3.85,4.16,524321440,6818675086.3,6863756284.0,7.583591938018799,0.0,是,1.6185517311096191,0/0,60日新高,专用设备
476,688321,微芯生物,1.849134087562561,34.7,40.88,820298464,14150922297.300001,14150922054.400002,5.745612144470215,0.0,是,1.299460768699646,0/0,60日新高,化学制药
477,300871,回盛生物,1.8355945348739624,25.52,30.07,696369184,5163526854.64,5163526854.64,13.349149703979492,0.0,是,1.892783522605896,0/0,60日新高,农药兽药
478,301339,通行宝,1.8158236742019653,15.7,18.5,232954984,2638555643.2999997,9111233249.6,8.85081958770752,0.0,是,1.4569919109344482,0/0,60日新高,软件开发
479,301138,华研精机,1.813842535018921,42.66,50.28,234473781,2924775572.3999996,5119200000.0,8.100492477416992,0.0,是,1.3955925703048706,0/0,60日新高,专用设备
480,000050,深天马Ａ,1.8072288036346436,10.14,10.96,865670144,24921247196.04,24921561312.960003,3.443199396133423,0.09871669113636017,是,0.9807884097099304,0/0,60日新高,光学光电
481,600713,南京医药,1.8050541877746582,5.64,6.09,372728400,7249458272.879999,7382374404.48,5.144383907318115,0.0,是,2.5860815048217773,0/0,60日新高,医药商业
482,688657,浩辰软件,1.8002716302871704,59.94,70.66,144949395,2460209847.48,3926926422.72,5.88878059387207,0.0,是,1.611431360244751,0/0,60日新高,软件开发
483,603889,新澳股份,1.797752857208252,9.06,9.79,219864439,6565972649.58,6615987446.400001,3.346700429916382,0.11049723625183105,是,1.3705635070800781,0/0,60日新高,纺织服装
484,002444,巨星科技,1.7972102165222168,37.95,41.01,659011760,43529893925.100006,45330446779.200005,1.5256258249282837,-0.05267316475510597,是,1.266235113143921,0/0,60日新高,通用设备
485,603011,合锻智能,1.7633094787597656,30.01,32.44,3301606816,14837377254.37,14837377104.320002,21.74968147277832,-0.03331112861633301,是,1.0450688600540161,0/0,60日新高,专用设备
486,688553,汇宇制药-W,1.7568191289901733,22.01,25.96,254855165,7561309347.250001,9323436000.0,3.3659420013427734,0.0,是,0.9363391995429993,0/0,60日新高,化学制药
487,300002,神州泰岳,1.7490495443344116,13.38,15.78,2892139840,24713548534.800003,26320786407.36,11.590283393859863,0.0,是,1.5107146501541138,0/0,60日新高,游戏
488,600638,新黄浦,1.7366135120391846,7.03,7.6,169022359,4733979405.58,4733979391.52,3.611398935317993,0.14245013892650604,是,1.5365828275680542,0/0,60日新高,房地产开
489,600998,九州通,1.7013232707977295,5.38,5.82,631104016,27128489858.92,27128489374.72,2.3214995861053467,0.0,是,2.1459784507751465,0/0,60日新高,医药商业
490,301320,豪江智能,1.6528924703598022,18.45,21.78,105248007,1258459278.75,3358084500.0,8.348492622375488,0.0,是,1.6012380123138428,0/0,60日新高,电子元件
491,600961,株冶集团,1.6528924703598022,18.45,19.97,649167424,13870938743.1,19794501388.8,4.62694787979126,0.10851871967315674,是,1.2558441162109375,0/0,60日新高,有色金属
492,603383,顶点软件,1.6185259819030762,40.81,44.18,662029920,8381409210.790001,8381519397.790001,7.811044692993164,0.0,是,1.9099537134170532,0/0,60日新高,软件开发
493,688633,星球石墨,1.617995262145996,25.75,30.41,60975634,3702073611.75,3702073611.75,1.6446696519851685,0.0,是,1.9125916957855225,0/0,60日新高,专用设备
494,000156,华数传媒,1.612903118133545,8.82,9.55,483814176,14992905235.140001,16342864191.36,3.206867218017578,-0.22624436020851135,是,1.5647066831588745,0/0,60日新高,文化传媒
495,600711,盛屯矿业,1.599526047706604,17.15,18.57,3056219840,53003988099.649994,53003988116.799995,5.830935001373291,0.0,是,1.0439602136611938,0/0,60日新高,能源金属
496,600877,电科芯片,1.5971606969833374,22.9,24.79,3567331792,27114962366.8,27114962275.199997,12.910313606262207,-0.043649058789014816,是,1.8940831422805786,3/2,60日新高且近期多次涨停,半导体
497,301548,崇德科技,1.5868124961853027,65.94,77.89,323011520,1729934713.08,5736780000.0,18.888444900512695,0.0,是,1.3229022026062012,0/0,60日新高,通用设备
498,688225,亚信安全,1.5826739072799683,24.39,28.81,308298976,9756243900.0,9756243900.0,3.131822347640991,0.0,是,0.9366008043289185,0/0,60日新高,软件开发
499,002128,电投能源,1.580363154411316,30.21,32.71,829339136,67717935223.53,67717935072.48,1.2270746231079102,0.13258203864097595,是,1.5163261890411377,0/0,60日新高,煤炭行业
500,603012,创力集团,1.5647226572036743,7.14,7.73,330866992,4616010000.0,4616010000.0,7.180195331573486,-0.139860138297081,是,0.7746999859809875,0/0,60日新高,专用设备
501,002935,天奥电子,1.5515904426574707,26.18,28.36,1328087888,10867079316.94,11103003764.16,12.03855037689209,0.0,是,1.4245131015777588,0/0,60日新高,通信设备
502,600257,大湖股份,1.529902696609497,7.3,7.91,542330512,3513031472.4,3513031443.2,15.053999900817871,-0.27322402596473694,是,1.999243974685669,0/0,60日新高,农牧饲渔
503,002284,亚太股份,1.5271838903427124,16.62,18.01,1098507840,12152779555.26,12283847850.240002,9.001771926879883,0.1204819306731224,是,1.768953800201416,0/0,60日新高,汽车零部
504,688583,思看科技,1.5268689393997192,102.4,121.03,183034464,1810432102.4,9052160000.0,9.95709228515625,0.0,是,1.1689584255218506,0/0,60日新高,仪器仪表
505,603708,家家悦,1.5220699310302734,13.34,14.45,351273776,8515437924.5,8515437884.48,4.063582897186279,0.3007518947124481,是,1.119702696800232,0/0,60日新高,商业百货
506,600587,新华医疗,1.5105739831924438,16.8,18.21,820586128,10153282204.800001,10191628339.2,8.027825355529785,0.11918950825929642,是,1.2302463054656982,0/0,60日新高,医疗器械
507,600583,海油工程,1.5075377225875854,6.06,6.57,692432032,26793410088.0,26793409797.12,2.5661685466766357,0.1652892529964447,是,1.3001773357391357,0/0,60日新高,采掘行业
508,603206,嘉环科技,1.5053763389587402,18.88,20.46,278578160,5762175773.44,5762175697.92,4.885386943817139,0.21231423318386078,是,1.65993070602417,0/0,60日新高,通信服务
509,301169,零点有数,1.5024514198303223,64.18,75.88,260120933,4622117550.4800005,4623561600.4800005,5.693936347961426,0.0,是,1.0709563493728638,0/0,60日新高,专业服务
510,603355,莱克电气,1.4756944179534912,35.07,38.02,352957664,20109002279.1,20109002208.96,1.733486533164978,0.11418784409761429,是,2.39630126953125,2/1,60日新高,家电行业
511,603067,振华股份,1.4415377378463745,38.0,41.21,1657842032,27008890526.0,27008890336.0,6.171658515930176,0.10537407547235489,是,1.1169781684875488,0/0,60日新高,化学原料
512,301580,爱迪特,1.4194610118865967,49.3,58.33,127558210,3550437705.6,5253631674.099999,3.5869410037994385,0.0,是,0.8206185102462769,0/0,60日新高,医疗器械
513,301153,中科江南,1.4100608825683594,26.61,31.49,727169296,8760810512.88,9389353827.36,8.177420616149902,0.0,是,1.2140830755233765,0/0,60日新高,软件开发
514,000681,视觉中国,1.3977128267288208,31.92,34.63,8405004544,21586329100.56,22362431884.800003,38.61533737182617,0.0,是,2.966723680496216,3/2,60日新高且近期多次涨停,文化传媒
515,600026,中远海能,1.37581467628479,14.0,15.19,1097209824,48646869530.0,76513092096.0,2.238147735595703,0.5747126340866089,是,1.0785590410232544,0/0,60日新高,航运港口
516,300033,同花顺,1.3678778409957886,398.69,471.97,11757190912,109841320088.89,214335744000.0,10.34982681274414,0.0,是,1.5359275341033936,0/0,60日新高,软件开发
517,002906,华阳集团,1.3595166206359863,33.55,36.41,537099904,17604677509.649998,17611033792.0,3.0550858974456787,0.0,是,1.0462565422058105,0/0,60日新高,汽车零部
518,002322,理工能科,1.3239874839782715,13.01,14.12,180164965,4571709823.79,4755518863.68,3.9257586002349854,0.07692307978868484,是,2.0668394565582275,0/0,60日新高,软件开发
519,600880,博瑞传播,1.2893983125686646,7.07,7.68,1569220336,7727723337.25,7729857918.72,20.10275650024414,0.0,否,1.5048199892044067,4/2,近期多次涨停,教育
520,603337,杰克科技,1.2772971391677856,49.16,53.39,247382416,23288345137.559998,23421165871.359997,1.0535423755645752,-0.08130080997943878,是,0.9289847612380981,0/0,60日新高,专用设备
521,688499,利元亨,1.2689570188522339,65.44,77.54,850724400,11041593694.4,11041593694.4,7.643119812011719,0.0,是,1.391194462776184,0/0,60日新高,电池
522,301280,珠城科技,1.2502139806747437,59.12,70.07,292576256,2372346076.7999997,8086441876.799999,12.338836669921875,0.0,是,0.9985700845718384,0/0,60日新高,电子元件
523,300448,浩云科技,1.2249442338943481,9.09,10.78,421400800,4222704269.16,6149540184.48,9.950296401977539,0.0,是,0.8882431387901306,0/0,60日新高,互联网服
524,603297,永新光学,1.2229958772659302,113.39,123.22,290060800,12555572649.0,12579112413.0,2.2908565998077393,0.0,是,0.8232062458992004,0/0,60日新高,光学光电
525,002607,中公教育,1.2158055305480957,3.33,3.62,4086931776,16929711268.74,20537440081.920002,23.939794540405273,0.0,是,2.835871458053589,2/1,60日新高,教育
526,605116,奥锐特,1.173485517501831,31.9,34.68,224789645,12957245164.599998,12957245100.8,1.7100385427474976,0.0,是,0.664006769657135,0/0,60日新高,化学制药
527,300365,恒华科技,1.1678831577301025,6.93,8.22,200338883,3546251595.81,4156998420.96,5.637523174285889,0.0,是,1.4106874465942383,0/0,60日新高,软件开发
528,300244,迪安诊断,1.1659806966781616,29.5,34.99,6482301696,14793042299.5,18436893480.0,42.71219253540039,0.0,是,2.8241212368011475,4/2,60日新高且近期多次涨停,医疗服务
529,603387,基蛋生物,1.1507478952407837,8.79,9.56,168534515,4457879414.429999,4457879440.799999,3.769679546356201,0.1138952225446701,是,2.171187400817871,0/0,60日新高,医疗器械
530,301003,江苏博云,1.1293416023254395,47.46,56.32,134939496,3566161200.84,4609947509.58,3.764805316925049,0.0,是,1.2830785512924194,0/0,60日新高,塑料制品
531,603199,九华旅游,1.0951759815216064,38.77,42.19,95096335,4291063600.0000005,4291063600.0000005,2.229038715362549,-0.025786489248275757,是,0.9724462628364563,0/0,60日新高,旅游酒店
532,300910,瑞丰新材,1.0770505666732788,61.0,72.42,814876144,12656650209.0,18052052080.0,6.266735076904297,0.0,是,4.503073215484619,0/0,60日新高,化学制品
533,300566,激智科技,1.0515247583389282,19.22,22.82,232367540,4386330893.759999,5069112591.0,5.2775139808654785,0.0,是,1.3708568811416626,0/0,60日新高,光学光电
534,688255,凯尔达,0.9916912913322449,37.68,44.77,113075222,4139482221.6,4139482221.6,2.7171223163604736,0.0,是,1.356360673904419,0/0,60日新高,专用设备
535,600170,上海建工,0.9868420362472534,3.07,3.34,3641472688,27279835014.079998,27279834915.84,13.424999237060547,0.0,是,3.4983623027801514,2/1,60日新高,工程建设
536,601019,山东出版,0.9868420362472534,9.21,10.03,228668401,19220349000.0,19220349000.0,1.1841148138046265,-0.10845987498760223,是,1.3440970182418823,0/0,60日新高,文化传媒
537,601921,浙版传媒,0.9661835432052612,8.36,9.11,301136704,18577777784.28,18577777792.64,1.61432683467865,0.0,是,1.6800966262817383,0/0,60日新高,文化传媒
538,600497,驰宏锌锗,0.9422850608825684,8.57,9.34,1881947184,43196060739.310005,43196060165.12,4.3181304931640625,0.23391813039779663,是,0.9571500420570374,0/0,60日新高,有色金属
539,600337,美克家居,0.8823530077934265,3.43,3.74,858504432,4928903609.91,4928903633.92,16.6007080078125,-0.2906976640224457,否,2.3585851192474365,8/4,近期多次涨停,装修建材
540,603882,金域医学,0.8451471924781799,36.99,40.35,1707337136,17020378003.230001,17135923481.28,9.802279472351074,-0.027027027681469917,否,1.4652423858642578,4/2,近期多次涨停,医疗服务
541,300912,凯龙高科,0.8230452537536621,19.6,23.33,140214117,1682113160.0000002,2251687200.0,8.241096496582031,0.0,是,0.8268941640853882,0/0,60日新高,汽车零部
542,301135,瑞德智能,0.8149405717849731,29.69,35.34,111428244,2270119667.5,3026954880.0,4.924131870269775,0.0,是,1.570902705192566,0/0,60日新高,消费电子
543,300049,福瑞医科,0.7905138731002808,84.15,100.19,1132455088,19649137929.300003,22297721985.0,5.750640869140625,0.0,是,1.249613642692566,0/0,60日新高,医疗器械
544,301517,陕西华达,0.787578821182251,89.58,106.66,2782973456,8792911226.4,13547844500.4,29.474620819091797,0.0,是,1.3367103338241577,0/0,60日新高,电子元件
545,002922,伊戈尔,0.7857517600059509,38.48,42.0,1775835248,14384043528.4,16284971805.439999,12.28919506072998,0.0,是,1.2003229856491089,0/0,60日新高,电子元件
546,000060,中金岭南,0.7668711543083191,6.57,7.17,1637574944,29178133486.56,29178503193.600002,5.583280563354492,0.0,是,1.1262410879135132,0/0,60日新高,有色金属
547,601899,紫金矿业,0.6799163222312927,38.5,42.06,16559300352,793134385890.0,1023704725120.0,2.066173553466797,-0.025967281311750412,是,1.4315117597579956,0/0,60日新高,有色金属
548,301053,远信工业,0.5949161648750305,37.2,44.38,119744340,2876172907.2000003,3132921690.0000005,4.2282538414001465,0.0,是,1.4982529878616333,0/0,60日新高,专用设备
549,300628,亿联网络,0.5917159914970398,37.4,44.62,441607696,27141073297.8,47375734912.0,1.6232796907424927,0.0,是,1.2906396389007568,0/0,60日新高,通信设备
550,688335,复洁科技,0.5858854651451111,37.77,45.06,253918674,5591266539.84,5591266539.84,4.486593723297119,0.0,是,0.8540707230567932,0/0,60日新高,环保行业
551,688338,赛科希德,0.5767844319343567,27.9,33.29,80356888,2961372960.0,2961372960.0,2.6965463161468506,0.0,是,2.4236199855804443,0/0,60日新高,医疗器械
552,002881,美格智能,0.5646417140960693,51.65,56.5,1587061328,9396373050.5,13519681905.0,16.75616455078125,0.01936483383178711,是,1.858690857887268,0/0,60日新高,消费电子
553,300251,光线传媒,0.5503576993942261,18.27,21.8,2254978208,50705918732.7,53596660652.64,4.398489952087402,0.0,是,1.3460402488708496,0/0,60日新高,文化传媒
554,688576,西山科技,0.5376344323158264,69.19,82.58,49124926,1507805016.4099998,3148149151.4,3.216259717941284,0.0,是,1.02536141872406,0/0,60日新高,医疗器械
555,002624,完美世界,0.4912663698196411,18.41,20.15,1402778368,33648565284.81,35714818244.0,4.131189823150635,0.4912663698196411,是,1.3633818626403809,0/0,60日新高,游戏
556,688083,中望软件,0.48101264238357544,79.38,94.8,532557040,13466519007.48,13466519007.48,3.877075433731079,0.0,是,1.3564406633377075,0/0,60日新高,软件开发
557,600970,中材国际,0.4761905074119568,10.55,11.55,451107328,23757089651.45,27660195936.0,1.8879903554916382,0.0,是,1.5771676301956177,0/0,60日新高,工程建设
558,300298,三诺生物,0.45941805839538574,19.68,23.51,676048992,8881597736.64,11026060700.16,7.593113422393799,0.0,是,1.6622568368911743,0/0,60日新高,医疗器械
559,601611,中国核建,0.44568246603012085,18.03,19.75,4213787712,54339430842.36,54339430770.240005,7.607894420623779,0.0,否,1.06071138381958,6/3,近期多次涨停,工程建设
560,601108,财通证券,0.4454343020915985,9.02,9.88,1133198816,41886746923.34,41886746373.119995,2.670799732208252,0.0,是,1.6210885047912598,0/0,60日新高,证券
561,605168,三人行,0.42889389395713806,44.49,48.73,747917376,9379247707.140001,9379247707.140001,7.862229347229004,0.0,是,1.0633944272994995,0/0,60日新高,文化传媒
562,600346,恒力石化,0.41963911056518555,23.93,26.21,998038368,168445657878.98,168445660702.72,0.5900484919548035,0.0,是,1.1468732357025146,0/0,60日新高,化纤行业
563,600428,中远海特,0.4065040349960327,7.41,8.12,376472736,18119566170.03,20332450164.0,2.054492235183716,0.0,是,1.2915568351745605,0/0,60日新高,航运港口
564,002729,好利科技,0.37373197078704834,18.8,20.6,347788768,3298717766.8,3439834496.0,10.473278999328613,0.0,是,1.0695559978485107,0/0,60日新高,电子元件
565,300906,日月明,0.3689064681529999,38.09,45.54,259347316,2749983730.0000005,3047200000.0000005,9.3436279296875,0.0,是,1.6604851484298706,0/0,60日新高,交运设备
566,601872,招商轮船,0.35682424902915955,11.25,12.33,1290310912,90838558147.5,90838558080.0,1.426300048828125,0.26737967133522034,是,0.8048182725906372,0/0,60日新高,航运港口
567,688132,邦彦技术,0.33964094519615173,20.68,24.73,78240284,2243691448.24,3148017218.72,3.4641799926757812,0.0,是,1.1792274713516235,0/0,60日新高,通信设备
568,600595,中孚实业,0.3340757191181183,9.01,9.88,735499168,36111225077.14,36111225131.2,2.030233383178711,-0.22148394584655762,是,1.171844482421875,0/0,60日新高,有色金属
569,600338,西藏珠峰,0.31712475419044495,18.98,20.81,2383652560,17351708988.64,17351709140.48,13.665777206420898,0.0,是,1.2438910007476807,0/0,60日新高,有色金属
570,300759,康龙化成,0.24367955327033997,32.91,39.4,1742447456,46711947613.829994,58520414563.2,3.6707041263580322,0.0,是,1.7151042222976685,0/0,60日新高,医疗服务
571,601778,晶科科技,0.24330900609493256,4.12,4.52,720509424,14712522632.68,14712522636.800001,4.861616134643555,0.0,是,1.0286788940429688,0/0,60日新高,电力行业
572,301188,力诺药包,0.2149382084608078,18.65,22.33,162172998,4458616148.5,4458616148.5,3.606259822845459,0.0,是,1.0262120962142944,0/0,60日新高,玻璃玻纤
573,002683,广东宏大,0.17783047258853912,50.7,55.67,989354512,33696991305.9,38532113568.0,2.8960888385772705,0.0,是,0.8406437635421753,0/0,60日新高,采掘行业
574,600729,重庆百货,0.173611119389534,28.85,31.68,467532768,5553130049.400001,12707071127.2,8.266897201538086,0.1388406902551651,是,1.0248891115188599,0/0,60日新高,商业百货
575,301256,华融化学,0.16592919826507568,18.11,21.7,887525200,8692800000.0,8692800000.0,10.193320274353027,0.0,是,0.9325405955314636,0/0,60日新高,化学原料
576,300003,乐普医疗,0.14807502925395966,20.29,24.31,2961442336,32035553965.78,37402515877.76,9.07443904876709,0.0,是,0.9934758543968201,0/0,60日新高,医疗器械
577,688179,阿拉丁,0.14164306223392487,14.14,16.94,181465894,4703062640.64,4703062640.64,3.809985876083374,0.0,是,1.264296054840088,0/0,60日新高,化学制品
578,688196,卓越新能,0.13734376430511475,72.91,87.37,310073504,8749200000.0,9273480863.449999,3.413388252258301,0.0,是,1.342113971710205,0/0,60日新高,化学制品
579,688318,财富趋势,0.11256787925958633,151.19,181.22,1526284752,38722702971.68,38722702971.68,3.803771734237671,0.0,是,1.4852827787399292,0/0,60日新高,软件开发
580,600251,冠农股份,0.1049317866563797,9.54,10.48,221499694,7412518781.82,7412518791.36,2.9441943168640137,-0.10471203923225403,是,1.841562032699585,0/0,60日新高,农牧饲渔
581,002690,美亚光电,0.04655493423342705,21.49,23.63,182880440,9321223352.349998,18959231353.44,1.9492607116699219,0.0,是,1.2364567518234253,0/0,60日新高,专用设备
582,688455,科捷智能,0.045065347105264664,22.2,26.63,102214917,2598080785.2,3730280785.2,3.957951545715332,0.0,是,1.496656894683838,0/0,60日新高,通用设备
583,601811,新华文轩,0.0,15.44,16.98,270369664,12226996216.0,19050505163.52,2.173919916152954,-0.12936609983444214,是,1.8729255199432373,0/0,60日新高,文化传媒
584,605488,福莱新材,0.0,37.2,40.92,498765760,10274364310.800001,10424161382.400002,4.790128231048584,0.026888947933912277,是,1.0737837553024292,0/0,60日新高,塑料制品
585,601126,四方股份,-0.02844950370490551,35.14,38.67,1984510928,28993500956.0,29278068330.56,6.758251190185547,0.0,是,1.483929991722107,0/0,60日新高,电网设备
586,600452,涪陵电力,-0.09407337754964828,10.62,11.69,763337056,16318072365.48,16318072301.759998,4.6524434089660645,0.6635071039199829,是,1.4492335319519043,0/0,60日新高,电力行业
587,688485,九州一轨,-0.1041666716337204,19.18,23.04,70645949,1690870018.04,2882601749.16,4.134515285491943,0.0,是,1.070773959159851,0/0,60日新高,环保行业
588,600055,万东医疗,-0.11350738257169724,17.6,19.38,396324256,12373874620.800001,12373874585.6,3.15579891204834,0.0,是,2.033254384994507,0/0,60日新高,医疗器械
589,600499,科达制造,-0.13513514399528503,14.78,16.28,830532976,28345917458.98,28345917355.52,2.9053707122802734,0.0,是,1.7261896133422852,0/0,60日新高,专用设备
590,688389,普门科技,-0.14154280722141266,14.11,16.96,118943492,6045933650.3,6045933622.08,1.9517347812652588,0.0,是,1.6912633180618286,0/0,60日新高,医疗器械
591,605100,华丰股份,-0.14622937142848969,47.8,52.66,319270496,8122749599.999999,8160893999.999999,3.847928047180176,-0.2504173517227173,是,1.326997995376587,0/0,60日新高,通用设备
592,301105,鸿铭股份,-0.1695234626531601,53.0,63.71,71822703,871187341.0,2650000000.0,8.095515251159668,0.0,是,1.2805325984954834,0/0,60日新高,专用设备
593,603739,蔚蓝生物,-0.17921146750450134,16.71,18.41,735536432,4228112350.86,4228112350.86,16.58011817932129,0.3001200556755066,是,4.4067535400390625,2/1,60日新高,农牧饲渔
594,300418,昆仑万维,-0.2072373628616333,62.6,75.28,14207247360,78531118007.8,78585345696.0,17.5898380279541,0.0,否,1.298638105392456,4/2,近期多次涨停,互联网服
595,600775,南京熊猫,-0.2274019420146942,17.55,19.35,2504259632,11790766183.95,16037866166.400002,21.039457321166992,0.0,否,0.7984901666641235,8/4,近期多次涨停,通信设备
596,688161,威高骨科,-0.32310178875923157,30.85,37.14,133237980,12340000000.0,12340000000.0,1.0642277002334595,0.0,是,2.1430399417877197,0/0,60日新高,医疗器械
597,688615,合合信息,-0.40277257561683655,318.99,384.34,3917701168,30836841133.56,44658600000.0,11.866715431213379,0.0,是,1.8208584785461426,0/0,60日新高,软件开发
598,002158,汉钟精机,-0.4550625681877136,26.25,29.01,375270480,14006662661.25,14036508780.0,2.651435375213623,0.0,是,0.9319468140602112,0/0,60日新高,通用设备
599,600390,五矿资本,-0.49180328845977783,6.07,6.71,934364768,27303257336.13,27303257026.56,3.376450538635254,0.0,是,1.6507887840270996,0/0,60日新高,多元金融
600,002512,达华智能,-0.6693440675735474,7.42,8.22,2044144928,8120832222.44,8254725068.8,24.520610809326172,-0.4026845693588257,否,1.5193496942520142,4/2,近期多次涨停,计算机设
601,002458,益生股份,-0.7650273442268372,9.08,10.07,161494089,6799727886.8,10046229240.960001,2.355483293533325,0.0,是,0.934201717376709,0/0,60日新高,农牧饲渔
602,688503,聚和材料,-0.8187919855117798,73.89,89.4,1341143328,14845964391.45,17883865881.27,8.951255798339844,0.0,是,0.9086989164352417,0/0,60日新高,光伏设备
603,001328,登康口腔,-0.8374384641647339,40.26,44.66,90089256,1732931310.0,6931717188.0,5.220890522003174,0.22404780983924866,是,1.2043219804763794,0/0,60日新高,美容护理
604,603138,海量数据,-1.1520737409591675,17.16,19.1,973472832,4947963306.0,5042855600.64,19.209293365478516,0.35087719559669495,是,3.20806884765625,2/1,60日新高,软件开发
605,603926,铁流股份,-1.1783610582351685,18.45,20.54,147693079,4258972372.95,4330521472.95,3.442467451095581,0.10851871967315674,是,0.8565610647201538,0/0,60日新高,汽车零部
606,603488,展鹏科技,-1.1925042867660522,11.6,12.91,536267856,3387089104.0,3387089196.7999997,15.81315803527832,0.7819287776947021,是,0.9323675632476807,6/4,60日新高且近期多次涨停,专用设备
607,000935,四川双马,-1.292639136314392,27.49,30.64,384471280,20986974754.17,20986974836.64,1.8061188459396362,0.0,是,1.1885974407196045,0/0,60日新高,水泥建材
608,000510,新金路,-1.295896291732788,13.71,15.28,1364936528,8317374641.070001,8891532536.640001,15.893254280090332,0.29261156916618347,是,1.2371811866760254,0/0,60日新高,化学原料
609,688084,晶品特装,-1.3331944942474365,94.73,115.21,204303919,7022848999.71,7167183322.18,2.85246205329895,0.0,是,0.8049249053001404,0/0,60日新高,专用设备
610,688100,威胜信息,-1.4143919944763184,39.73,48.36,199904184,19534652002.75,19534651724.64,1.0085903406143188,0.0,是,1.2846788167953491,0/0,60日新高,通信设备
611,002639,雪人集团,-1.4280483722686768,26.92,30.04,6176882432,17514671717.52,20798450577.920002,34.693939208984375,0.0,否,0.8417813181877136,6/3,近期多次涨停,通用设备
612,300668,杰恩设计,-1.5078601837158203,30.7,37.4,214006649,3060601563.4,3695705081.1,6.815492630004883,0.0,是,0.8080082535743713,0/0,60日新高,工程咨询
613,002318,久立特材,-1.5328223705291748,29.55,33.01,510699936,28219000862.4,28875394776.0,1.7834923267364502,-0.13518080115318298,是,1.089052677154541,0/0,60日新高,钢铁行业
614,688507,索辰科技,-1.6260161399841309,121.0,147.6,844903200,5957523330.0,10782162864.0,13.724993705749512,0.0,是,1.2489818334579468,0/0,60日新高,软件开发
615,301087,可孚医疗,-1.6528924703598022,59.5,72.6,665581968,11557697690.0,12429371500.0,5.628377437591553,0.0,是,0.8403559923171997,0/0,60日新高,医疗器械
616,002202,金风科技,-1.6789395809173584,33.38,37.35,25760096000,112296381173.78001,141032758090.24002,22.443567276000977,0.0,否,1.2070848941802979,13/7,近期多次涨停,风电设备
617,000503,国新健康,-1.7652250528335571,11.13,12.46,1215772896,10898420316.0,10899080102.400002,10.880061149597168,-0.08976660668849945,否,1.6931499242782593,4/2,近期多次涨停,软件开发
618,000917,电广传媒,-1.8987340927124023,12.4,13.9,2968149408,17576496101.2,17577698566.4,16.3872013092041,0.08071024715900421,否,1.070111870765686,4/2,近期多次涨停,文化传媒
619,600089,特变电工,-1.9729630947113037,26.83,30.11,26716302080,135566424679.93,135566424814.07999,18.678539276123047,0.0,是,2.976433038711548,2/1,60日新高,电网设备
620,688137,近岸蛋白,-2.0161290168762207,48.6,59.52,304675824,1588026335.4,3410526335.4,19.25172233581543,0.0,是,3.693363666534424,0/0,60日新高,生物制品
621,300724,捷佳伟创,-2.0819170475006104,115.23,141.22,4063116352,33153335958.27,40133687160.0,12.004176139831543,0.0,是,1.0828853845596313,0/0,60日新高,光伏设备
622,603282,亚光股份,-2.0979020595550537,22.4,25.17,288025136,1437731881.6,2997568000.0,20.185089111328125,0.6289308071136475,是,4.84890604019165,2/1,60日新高,专用设备
623,301148,嘉戎技术,-2.393481492996216,57.5,70.69,299733120,3385202100.0,6698582100.0,8.829147338867188,0.0,是,0.7536631226539612,0/0,60日新高,环保行业
624,688017,绿的谐波,-2.4390242099761963,200.0,246.0,3024784176,36666025000.0,36666025000.0,7.928710460662842,0.0,是,1.4415948390960693,0/0,60日新高,通用设备
625,301337,亚华电子,-2.7647058963775635,33.06,40.8,463375232,1222749721.5,3444852000.0,36.90583801269531,0.0,是,1.7346726655960083,0/0,60日新高,软件开发
626,001202,炬申股份,-2.8806583881378174,18.88,21.38,368303232,2205636270.4,3147128156.7999997,17.24776268005371,0.2655337452888489,否,2.596722364425659,3/2,近期多次涨停,物流行业
627,600637,东方明珠,-3.4437947273254395,14.86,16.93,7626428672,49957831280.619995,49957831384.64,14.905831336975098,0.4054054021835327,否,2.09338641166687,6/4,近期多次涨停,文化传媒
628,003041,真爱美家,-3.4639410972595215,68.0,77.48,1190104032,9303991200.0,9792000000.0,12.473474502563477,0.0,是,2.090989828109741,3/2,60日新高且近期多次涨停,纺织服装
629,603305,旭升集团,-3.4745357036590576,20.28,23.11,3101165328,23437769515.68,23437769596.800003,13.033954620361328,-0.09852217137813568,否,1.2320239543914795,4/2,近期多次涨停,汽车零部
630,603682,锦和商管,-3.55731201171875,7.32,8.35,532449376,3458700000.0,3458700000.0,14.883787155151367,-0.13642564415931702,是,3.6376020908355713,2/1,60日新高,房地产服
631,300267,尔康制药,-3.595505714416504,4.29,5.34,1646752928,6102061212.39,8848574866.56,26.310842514038086,0.0,是,3.4143643379211426,2/1,60日新高,化学制药
632,300264,佳创视讯,-3.669724702835083,7.35,9.16,596950800,2722652804.5499997,3166802772.0,21.465635299682617,0.0,是,1.5696492195129395,0/0,60日新高,互联网服
633,600550,保变电气,-3.7433154582977295,12.6,14.4,3939284976,23203258848.0,23203258848.0,16.31780433654785,0.07942812144756317,是,1.5812734365463257,0/0,60日新高,电网设备
634,002046,国机精工,-3.8825576305389404,49.76,56.95,2876437872,26312431765.12,26684637560.32,10.643922805786133,0.0402090884745121,是,1.3083596229553223,4/2,60日新高且近期多次涨停,通用设备
635,600828,茂业商业,-4.104477405548096,7.71,8.84,1261028736,13348786995.51,13353585414.24,9.060302734375,-0.5161290764808655,是,1.6606279611587524,4/2,60日新高且近期多次涨停,商业百货
636,603286,日盈电子,-4.222833633422852,69.63,79.97,634048944,8036334682.53,8174278675.53,7.653522491455078,0.0,是,1.2849030494689941,0/0,60日新高,汽车零部
637,000785,居然智家,-4.432132720947266,3.45,3.97,1823556304,20346697450.8,21483318028.8,8.704365730285645,0.2906976640224457,是,3.182494878768921,3/2,60日新高且近期多次涨停,商业百货
638,002173,创新医疗,-4.8704071044921875,33.4,38.62,5612961792,13904568396.199999,14738897356.8,39.46299362182617,0.3304295539855957,否,1.5102121829986572,8/4,近期多次涨停,医疗服务
639,002316,亚联发展,-5.1327433586120605,5.36,6.22,604089200,1826406600.0,2107123200.0000002,32.96897888183594,0.0,否,3.0247104167938232,5/3,近期多次涨停,互联网服
640,603017,中衡设计,-5.77069091796875,12.41,14.49,462373648,3427521536.13,3427521474.08,13.328458786010742,-0.1609010547399521,否,1.4069640636444092,5/3,近期多次涨停,工程咨询
641,001331,胜通能源,-6.454720497131348,58.26,68.51,1290434528,9780437058.539999,16443302400.0,12.826709747314453,-0.1542416363954544,否,0.9481164216995239,19/14,近期多次涨停,物流行业
642,920207,众诚科技,-6.773660182952881,39.5,55.08,965226720,2223038986.0,3641702500.0,40.995033264160156,-1.0025062561035156,否,1.6057482957839966,4/2,近期多次涨停,软件开发
643,603015,弘讯科技,-6.788665771484375,15.79,18.63,998521424,6382618010.0,6382618136.32,15.563090324401855,0.0,否,1.6379716396331787,6/4,近期多次涨停,专用设备
644,002774,快意电梯,-8.300704956054688,11.71,14.05,518821472,3299549358.8500004,3942615355.84,15.725289344787598,0.08547008782625198,否,1.1989762783050537,8/5,近期多次涨停,专用设备
645,002324,普利特,-9.623430252075195,19.44,23.66,3416482768,15090804701.28,21623816816.640003,22.10596466064453,0.0,否,1.4141881465911865,8/4,近期多次涨停,塑料制品
646,301079,邵阳液压,-9.637561798095703,54.85,72.84,1336371392,3813457165.15,5974933034.900001,34.321250915527344,0.0,否,0.8288335800170898,6/3,近期多次涨停,通用设备
647,603278,大业股份,-9.96865177154541,14.36,17.55,976147968,4907664869.12,4907664869.12,19.694307327270508,0.0,否,0.780716598033905,14/7,近期多次涨停,通用设备
648,002413,雷科防务,-9.988962173461914,16.31,19.93,7127422976,21090125014.0,21480100897.92,33.073726654052734,0.0,否,0.7001097202301025,11/7,近期多次涨停,通信设备
649,600783,鲁信创投,-9.98985767364502,35.5,43.38,3519601840,26424754937.0,26424755008.0,12.956045150756836,0.0,否,2.7438948154449463,14/11,近期多次涨停,非金属材
650,601698,中国卫通,-10.002062797546387,43.64,53.34,12021573120,184352179379.68,184352179205.12,6.323150157928467,0.0,否,0.9799841642379761,12/6,近期多次涨停,通信服务
651,002792,通宇通讯,-10.004286766052246,62.97,76.97,8144147712,21272807631.54,32985954935.04,36.90934371948242,0.0,否,1.2823952436447144,6/3,近期多次涨停,通信设备
